created_at,Dog_name,rating,favorite_count,retweet_count
2015-11-15 22:32:08+00:00,Welsh_springer_spaniel,8.0,2535,532
2015-11-15 23:05:30+00:00,redbone,7.0,132,48
2015-11-15 23:21:54+00:00,German_shepherd,9.0,128,47
2015-11-16 00:04:52+00:00,Rhodesian_ridgeback,6.0,311,147
2015-11-16 00:24:50+00:00,miniature_pinscher,5.0,111,41
2015-11-16 00:30:50+00:00,Bernese_mountain_dog,10.0,136,60
2015-11-16 00:49:46+00:00,chow,10.0,448,261
2015-11-16 01:01:59+00:00,miniature_poodle,8.0,115,61
2015-11-16 01:22:45+00:00,golden_retriever,10.0,496,232
2015-11-16 01:52:02+00:00,Gordon_setter,9.0,154,67
2015-11-16 01:59:36+00:00,Walker_hound,10.0,335,174
2015-11-16 02:38:37+00:00,pug,6.0,121,47
2015-11-16 03:44:34+00:00,Lhasa,8.0,164,73
2015-11-16 03:55:04+00:00,English_setter,11.0,81,16
2015-11-16 16:11:11+00:00,Maltese_dog,9.0,152,71
2015-11-16 20:01:42+00:00,golden_retriever,10.0,307,146
2015-11-16 20:32:58+00:00,malamute,8.0,229,77
2015-11-16 21:54:18+00:00,soft-coated_wheaten_terrier,11.0,194,100
2015-11-16 23:23:41+00:00,Chihuahua,9.0,172,92
2015-11-17 00:06:54+00:00,black-and-tan_coonhound,7.0,113,44
2015-11-17 01:02:40+00:00,Blenheim_spaniel,12.0,327,118
2015-11-17 01:30:57+00:00,Pembroke,7.0,171,90
2015-11-17 02:06:42+00:00,Chihuahua,7.0,131,52
2015-11-17 02:46:43+00:00,curly-coated_retriever,9.0,107,23
2015-11-17 03:16:00+00:00,dalmatian,10.0,545,223
2015-11-17 16:09:56+00:00,Border_collie,4.0,923,608
2015-11-17 18:56:35+00:00,German_shepherd,8.0,196,51
2015-11-17 19:35:19+00:00,Labrador_retriever,8.0,449,234
2015-11-17 22:06:57+00:00,miniature_poodle,10.0,244,71
2015-11-18 00:55:42+00:00,Italian_greyhound,10.0,404,211
2015-11-18 02:25:23+00:00,English_setter,8.0,250,95
2015-11-18 03:18:55+00:00,miniature_schnauzer,9.0,540,267
2015-11-18 03:54:28+00:00,Maltese_dog,12.0,266,105
2015-11-18 04:27:09+00:00,Airedale,10.0,222,83
2015-11-18 18:17:59+00:00,golden_retriever,12.0,198,54
2015-11-18 19:29:52+00:00,Chesapeake_Bay_retriever,10.0,227,57
2015-11-18 20:15:26+00:00,Chihuahua,10.0,425,134
2015-11-18 21:23:57+00:00,Chihuahua,7.0,349,132
2015-11-18 23:18:48+00:00,Pembroke,10.0,346,135
2015-11-19 00:32:12+00:00,West_Highland_white_terrier,10.0,4851,2387
2015-11-19 01:27:25+00:00,toy_poodle,12.0,49720,18285
2015-11-19 01:59:39+00:00,golden_retriever,11.0,268,66
2015-11-19 02:43:18+00:00,giant_schnauzer,10.0,235,97
2015-11-19 02:58:01+00:00,toy_poodle,9.0,262,88
2015-11-19 03:02:47+00:00,soft-coated_wheaten_terrier,4.0,640,484
2015-11-19 03:10:02+00:00,vizsla,8.0,200,58
2015-11-19 03:29:07+00:00,golden_retriever,10.0,15075,6618
2015-11-19 04:05:59+00:00,Rottweiler,12.0,414,115
2015-11-19 04:39:35+00:00,Siberian_husky,11.0,658,282
2015-11-19 05:24:37+00:00,golden_retriever,9.0,516,258
2015-11-19 17:26:08+00:00,papillon,8.0,211,60
2015-11-19 18:13:27+00:00,Saint_Bernard,7.0,489,234
2015-11-19 20:14:03+00:00,Rottweiler,12.0,326,89
2015-11-19 21:22:56+00:00,Labrador_retriever,11.0,327,96
2015-11-19 21:32:34+00:00,Tibetan_terrier,7.0,203,66
2015-11-19 22:32:36+00:00,toy_poodle,11.0,273,102
2015-11-19 23:53:52+00:00,borzoi,7.0,559,242
2015-11-20 00:40:05+00:00,Labrador_retriever,11.0,563,231
2015-11-20 01:06:48+00:00,beagle,12.0,7148,2272
2015-11-20 02:32:25+00:00,golden_retriever,10.0,501,264
2015-11-20 02:47:56+00:00,Pembroke,8.0,866,576
2015-11-20 03:04:08+00:00,Yorkshire_terrier,9.0,220,72
2015-11-20 03:25:43+00:00,Pomeranian,10.0,917,568
2015-11-20 03:35:20+00:00,toy_poodle,9.0,355,138
2015-11-20 15:36:22+00:00,kuvasz,11.0,398,162
2015-11-20 18:35:10+00:00,West_Highland_white_terrier,8.0,243,61
2015-11-20 19:55:30+00:00,dalmatian,8.0,736,358
2015-11-20 20:25:43+00:00,flat-coated_retriever,12.0,346,101
2015-11-20 22:30:44+00:00,miniature_pinscher,12.0,303,68
2015-11-21 00:25:26+00:00,malamute,9.0,253,86
2015-11-21 02:07:05+00:00,Pomeranian,11.0,2011,1180
2015-11-21 03:08:47+00:00,Norwegian_elkhound,9.0,905,396
2015-11-21 04:37:59+00:00,Labrador_retriever,9.0,318,119
2015-11-21 17:05:31+00:00,Pembroke,6.0,709,265
2015-11-21 20:59:20+00:00,Chihuahua,7.0,525,208
2015-11-21 22:14:07+00:00,Blenheim_spaniel,12.0,696,210
2015-11-21 23:10:52+00:00,Labrador_retriever,8.0,586,206
2015-11-22 00:15:33+00:00,chow,10.0,537,215
2015-11-22 01:20:44+00:00,chow,10.0,6614,3100
2015-11-22 02:03:45+00:00,Chihuahua,8.0,1056,523
2015-11-22 03:24:58+00:00,Pembroke,10.0,592,261
2015-11-22 03:46:11+00:00,soft-coated_wheaten_terrier,10.0,886,248
2015-11-22 04:33:59+00:00,golden_retriever,11.0,535,149
2015-11-22 17:40:27+00:00,standard_poodle,9.0,453,253
2015-11-22 18:31:19+00:00,Staffordshire_bullterrier,8.0,436,146
2015-11-22 21:13:35+00:00,Lakeland_terrier,8.0,265,79
2015-11-22 21:31:28+00:00,American_Staffordshire_terrier,10.0,497,231
2015-11-22 23:12:44+00:00,Shih-Tzu,11.0,265,62
2015-11-23 02:52:48+00:00,Chihuahua,10.0,1551,851
2015-11-23 03:09:00+00:00,French_bulldog,9.0,341,123
2015-11-23 03:25:17+00:00,miniature_schnauzer,5.0,763,349
2015-11-23 03:33:22+00:00,Pekinese,10.0,3024,1788
2015-11-23 03:46:18+00:00,komondor,10.0,1114,528
2015-11-23 04:59:42+00:00,beagle,11.0,562,233
2015-11-23 13:13:28+00:00,Chesapeake_Bay_retriever,10.0,749,409
2015-11-23 15:35:39+00:00,redbone,7.0,610,291
2015-11-23 16:18:59+00:00,malinois,10.0,467,150
2015-11-23 18:02:38+00:00,golden_retriever,11.0,479,184
2015-11-23 20:42:48+00:00,kelpie,11.0,422,164
2015-11-23 21:24:36+00:00,Brittany_spaniel,11.0,338,107
2015-11-23 23:23:31+00:00,standard_poodle,9.0,284,63
2015-11-24 00:54:05+00:00,cocker_spaniel,10.0,300,77
2015-11-24 02:13:25+00:00,basset,11.0,1386,641
2015-11-24 02:29:49+00:00,golden_retriever,12.0,842,382
2015-11-24 03:08:48+00:00,pug,3.0,726,356
2015-11-24 03:51:38+00:00,Pembroke,11.0,22118,6965
2015-11-24 06:17:19+00:00,Chihuahua,10.0,698,336
2015-11-24 17:19:36+00:00,pug,9.0,1074,522
2015-11-24 18:11:04+00:00,golden_retriever,8.0,958,422
2015-11-25 01:30:16+00:00,golden_retriever,13.0,610,127
2015-11-25 01:35:25+00:00,Siberian_husky,12.0,1081,452
2015-11-25 03:18:15+00:00,Chihuahua,8.0,2889,1390
2015-11-25 03:39:17+00:00,Labrador_retriever,11.0,390,134
2015-11-25 03:56:01+00:00,golden_retriever,10.0,669,252
2015-11-25 04:11:57+00:00,basset,10.0,485,172
2015-11-25 04:26:12+00:00,Brabancon_griffon,10.0,524,196
2015-11-25 05:52:43+00:00,cocker_spaniel,10.0,383,83
2015-11-25 17:13:02+00:00,toy_poodle,10.0,413,133
2015-11-25 17:25:28+00:00,Chihuahua,9.0,248,61
2015-11-25 17:49:14+00:00,West_Highland_white_terrier,10.0,467,156
2015-11-25 19:25:57+00:00,Eskimo_dog,10.0,550,163
2015-11-25 19:46:30+00:00,Maltese_dog,10.0,1006,401
2015-11-26 01:07:38+00:00,Pomeranian,10.0,412,119
2015-11-26 05:42:55+00:00,Pembroke,10.0,858,431
2015-11-26 17:11:11+00:00,Pomeranian,12.0,400,115
2015-11-26 18:16:16+00:00,vizsla,11.0,536,183
2015-11-26 20:04:40+00:00,miniature_pinscher,10.0,317,65
2015-11-26 22:16:09+00:00,beagle,10.0,352,100
2015-11-27 01:10:17+00:00,Blenheim_spaniel,11.0,684,191
2015-11-27 02:08:07+00:00,Italian_greyhound,11.0,822,373
2015-11-27 02:55:47+00:00,malamute,10.0,1674,874
2015-11-27 03:47:25+00:00,German_short-haired_pointer,10.0,740,275
2015-11-27 04:16:59+00:00,toy_poodle,9.0,1106,365
2015-11-27 17:17:44+00:00,Chihuahua,11.0,750,315
2015-11-27 18:09:09+00:00,Shetland_sheepdog,9.0,452,151
2015-11-27 19:11:49+00:00,Irish_terrier,11.0,4110,1359
2015-11-27 20:30:30+00:00,cairn,10.0,451,122
2015-11-27 22:51:19+00:00,English_springer,12.0,785,295
2015-11-28 00:48:35+00:00,pug,10.0,460,173
2015-11-28 01:18:21+00:00,Maltese_dog,12.0,2176,991
2015-11-28 02:00:17+00:00,Chihuahua,12.0,1415,709
2015-11-28 02:25:32+00:00,chow,11.0,1484,694
2015-11-28 03:21:24+00:00,Sussex_spaniel,11.0,690,213
2015-11-28 03:31:48+00:00,English_springer,10.0,7120,2153
2015-11-28 18:50:15+00:00,Dandie_Dinmont,8.0,267,45
2015-11-28 19:04:19+00:00,Ibizan_hound,8.0,799,315
2015-11-28 20:43:53+00:00,Norwich_terrier,6.0,814,405
2015-11-28 21:34:09+00:00,Pomeranian,12.0,1301,547
2015-11-29 00:06:39+00:00,keeshond,9.0,475,123
2015-11-29 01:35:26+00:00,pug,10.0,345,77
2015-11-29 01:45:22+00:00,Labrador_retriever,7.0,831,317
2015-11-29 01:52:48+00:00,Chihuahua,5.0,1691,863
2015-11-29 02:20:29+00:00,beagle,9.0,700,255
2015-11-29 02:51:54+00:00,Pembroke,11.0,780,262
2015-11-29 03:16:46+00:00,basenji,10.0,362,95
2015-11-29 03:20:54+00:00,Pomeranian,10.0,2098,1035
2015-11-29 03:33:17+00:00,Old_English_sheepdog,11.0,1234,546
2015-11-29 03:50:10+00:00,basset,10.0,1202,295
2015-11-29 04:04:12+00:00,American_Staffordshire_terrier,10.0,3410,1708
2015-11-29 04:37:03+00:00,Labrador_retriever,12.0,824,205
2015-11-29 05:11:35+00:00,malinois,10.0,780,242
2015-11-29 05:16:59+00:00,Pekinese,7.0,474,135
2015-11-29 05:43:44+00:00,Shih-Tzu,10.0,634,213
2015-11-29 16:01:20+00:00,redbone,12.0,1175,317
2015-11-29 23:30:32+00:00,basenji,8.0,1225,478
2015-11-29 23:57:10+00:00,malinois,6.0,1436,842
2015-11-30 01:28:28+00:00,Samoyed,10.0,996,448
2015-11-30 02:01:49+00:00,Yorkshire_terrier,9.0,713,254
2015-11-30 02:18:39+00:00,Rottweiler,12.0,714,166
2015-11-30 02:31:34+00:00,Labrador_retriever,11.0,769,241
2015-11-30 04:22:44+00:00,Rottweiler,12.0,1193,378
2015-11-30 04:37:05+00:00,Chihuahua,10.0,788,241
2015-11-30 15:51:24+00:00,miniature_poodle,10.0,508,119
2015-11-30 15:59:17+00:00,Italian_greyhound,9.0,426,157
2015-12-01 00:24:48+00:00,Samoyed,11.0,806,253
2015-12-01 00:30:04+00:00,German_shepherd,10.0,621,226
2015-12-01 01:42:28+00:00,toy_poodle,11.0,7495,3866
2015-12-01 02:38:04+00:00,Lakeland_terrier,9.0,1010,319
2015-12-01 02:46:33+00:00,Pomeranian,10.0,1499,582
2015-12-01 03:18:27+00:00,Doberman,10.0,896,280
2015-12-01 03:49:23+00:00,pug,9.0,1253,441
2015-12-01 04:14:59+00:00,Shetland_sheepdog,10.0,1166,616
2015-12-01 05:26:34+00:00,Gordon_setter,13.0,13679,7931
2015-12-01 16:37:44+00:00,kuvasz,13.0,9119,4795
2015-12-01 17:30:22+00:00,toy_poodle,11.0,779,248
2015-12-01 19:10:13+00:00,Chihuahua,10.0,1269,572
2015-12-02 01:39:53+00:00,Labrador_retriever,10.0,1191,548
2015-12-02 03:20:45+00:00,Labrador_retriever,11.0,1415,618
2015-12-02 03:40:57+00:00,chow,10.0,9016,4519
2015-12-02 15:01:33+00:00,pug,7.0,1389,564
2015-12-02 16:49:14+00:00,pug,9.0,1063,395
2015-12-02 19:44:43+00:00,Rottweiler,12.0,1876,792
2015-12-02 21:06:56+00:00,pug,8.0,918,395
2015-12-02 21:45:16+00:00,cocker_spaniel,10.0,1074,408
2015-12-03 01:16:17+00:00,beagle,9.0,833,231
2015-12-03 02:21:48+00:00,pug,7.0,953,347
2015-12-03 02:45:32+00:00,Chihuahua,12.0,733,169
2015-12-03 02:56:30+00:00,Irish_terrier,10.0,1833,656
2015-12-03 03:21:00+00:00,pug,11.0,1515,800
2015-12-03 04:01:02+00:00,Chihuahua,10.0,1212,383
2015-12-03 04:14:13+00:00,Irish_terrier,10.0,1588,666
2015-12-03 04:33:27+00:00,pug,11.0,6888,3677
2015-12-03 18:23:34+00:00,Border_collie,12.0,757,137
2015-12-03 18:29:09+00:00,West_Highland_white_terrier,10.0,1221,665
2015-12-03 18:52:12+00:00,Doberman,10.0,1187,482
2015-12-03 21:11:09+00:00,golden_retriever,10.0,696,189
2015-12-04 01:42:26+00:00,kuvasz,10.0,1014,367
2015-12-04 01:55:13+00:00,Great_Pyrenees,9.0,1411,661
2015-12-04 02:31:10+00:00,toy_poodle,11.0,1188,445
2015-12-04 03:43:54+00:00,golden_retriever,12.0,1377,542
2015-12-04 04:56:09+00:00,Chesapeake_Bay_retriever,9.0,1032,348
2015-12-04 17:46:12+00:00,Pembroke,10.0,1398,623
2015-12-04 20:38:19+00:00,Chihuahua,8.0,1096,405
2015-12-05 02:23:49+00:00,Chihuahua,10.0,1530,701
2015-12-05 02:37:35+00:00,toy_poodle,11.0,1405,602
2015-12-05 03:05:49+00:00,pug,10.0,1813,1015
2015-12-05 04:00:04+00:00,Lakeland_terrier,10.0,1039,314
2015-12-05 04:25:50+00:00,French_bulldog,8.0,1001,328
2015-12-05 04:36:04+00:00,chow,12.0,2092,786
2015-12-05 18:51:11+00:00,schipperke,10.0,2410,929
2015-12-05 20:41:29+00:00,Airedale,6.0,1510,798
2015-12-05 22:41:22+00:00,Shih-Tzu,11.0,1134,400
2015-12-06 00:17:55+00:00,golden_retriever,8.0,8046,3484
2015-12-06 01:48:12+00:00,miniature_pinscher,10.0,924,293
2015-12-06 01:56:44+00:00,Samoyed,11.0,14441,8705
2015-12-06 03:28:27+00:00,Chihuahua,11.0,1038,289
2015-12-06 04:03:51+00:00,golden_retriever,12.0,1761,597
2015-12-06 04:18:46+00:00,Rottweiler,11.0,1606,652
2015-12-06 04:34:25+00:00,English_setter,8.0,1558,728
2015-12-06 19:13:01+00:00,beagle,8.0,882,297
2015-12-06 21:19:54+00:00,Newfoundland,7.0,1691,802
2015-12-07 00:12:23+00:00,bull_mastiff,10.0,769,265
2015-12-07 00:37:52+00:00,Labrador_retriever,12.0,1339,397
2015-12-07 01:47:30+00:00,Samoyed,13.0,1460,521
2015-12-07 02:21:29+00:00,soft-coated_wheaten_terrier,9.0,1325,534
2015-12-07 02:25:23+00:00,Chesapeake_Bay_retriever,11.0,1855,700
2015-12-07 03:34:14+00:00,German_short-haired_pointer,10.0,1177,434
2015-12-07 03:40:24+00:00,golden_retriever,12.0,1153,315
2015-12-07 03:45:53+00:00,Chihuahua,12.0,908,306
2015-12-07 03:51:47+00:00,Maltese_dog,10.0,1114,325
2015-12-07 15:32:42+00:00,Brabancon_griffon,10.0,994,274
2015-12-07 20:07:04+00:00,pug,10.0,2091,1069
2015-12-07 23:55:26+00:00,Pembroke,11.0,1676,714
2015-12-08 00:15:09+00:00,collie,10.0,1208,340
2015-12-08 00:37:11+00:00,Pomeranian,10.0,1914,1360
2015-12-08 01:21:40+00:00,toy_poodle,9.0,906,240
2015-12-08 01:30:12+00:00,Eskimo_dog,12.0,1176,456
2015-12-08 01:47:22+00:00,toy_poodle,12.0,772,142
2015-12-08 02:29:37+00:00,Cardigan,10.0,3576,1441
2015-12-08 03:57:26+00:00,Airedale,11.0,1047,316
2015-12-08 04:27:30+00:00,Pomeranian,11.0,804,186
2015-12-08 15:52:13+00:00,Eskimo_dog,10.0,1581,619
2015-12-08 16:21:41+00:00,Greater_Swiss_Mountain_dog,9.0,1391,498
2015-12-08 16:47:50+00:00,pug,8.0,961,255
2015-12-08 16:56:51+00:00,German_shepherd,10.0,1682,800
2015-12-08 18:17:56+00:00,Cardigan,11.0,15817,6533
2015-12-09 02:34:18+00:00,Chihuahua,10.0,731,157
2015-12-09 02:56:22+00:00,golden_retriever,12.0,1536,592
2015-12-09 04:36:06+00:00,Brabancon_griffon,10.0,1137,393
2015-12-09 06:01:26+00:00,chow,13.0,6676,2275
2015-12-09 17:15:54+00:00,Pomeranian,12.0,1806,650
2015-12-09 17:46:48+00:00,flat-coated_retriever,5.0,1533,557
2015-12-09 23:47:22+00:00,Pomeranian,10.0,693,103
2015-12-10 00:10:43+00:00,Bernese_mountain_dog,10.0,1514,607
2015-12-10 00:47:23+00:00,vizsla,12.0,1580,516
2015-12-10 01:37:23+00:00,Samoyed,10.0,852,263
2015-12-10 02:15:47+00:00,Chihuahua,11.0,1213,532
2015-12-10 03:11:43+00:00,miniature_poodle,9.0,871,230
2015-12-10 03:19:24+00:00,Labrador_retriever,13.0,1180,278
2015-12-10 03:59:15+00:00,Pembroke,11.0,3240,949
2015-12-10 04:18:42+00:00,English_springer,10.0,934,391
2015-12-10 17:11:09+00:00,Rottweiler,13.0,2433,1232
2015-12-10 17:24:21+00:00,Pembroke,12.0,1672,517
2015-12-10 17:37:00+00:00,boxer,10.0,1057,252
2015-12-10 20:19:52+00:00,Samoyed,11.0,1141,366
2015-12-11 00:26:12+00:00,dalmatian,9.0,3006,1259
2015-12-11 00:35:44+00:00,Labrador_retriever,8.0,1042,283
2015-12-11 02:49:59+00:00,Labrador_retriever,9.0,2305,1011
2015-12-11 02:56:28+00:00,golden_retriever,10.0,1026,273
2015-12-11 03:05:37+00:00,chow,12.0,4037,1878
2015-12-11 15:19:21+00:00,Pembroke,12.0,3007,1436
2015-12-11 16:20:15+00:00,borzoi,13.0,4237,2532
2015-12-11 17:12:48+00:00,Labrador_retriever,12.0,1136,262
2015-12-11 17:51:04+00:00,Chihuahua,13.0,1838,563
2015-12-11 21:51:30+00:00,Labrador_retriever,12.0,1623,627
2015-12-12 02:07:14+00:00,vizsla,11.0,3397,1443
2015-12-12 03:29:35+00:00,Scottish_deerhound,12.0,1414,507
2015-12-12 03:47:46+00:00,cocker_spaniel,10.0,1122,316
2015-12-12 04:23:49+00:00,Pembroke,10.0,1276,428
2015-12-12 04:35:48+00:00,chow,11.0,1953,470
2015-12-12 15:59:51+00:00,English_springer,10.0,693,106
2015-12-12 16:16:45+00:00,standard_schnauzer,12.0,2046,928
2015-12-12 18:13:51+00:00,golden_retriever,12.0,1257,388
2015-12-12 20:57:34+00:00,Maltese_dog,11.0,1750,537
2015-12-12 22:04:39+00:00,beagle,10.0,11101,3787
2015-12-12 23:34:00+00:00,basset,11.0,1140,260
2015-12-12 23:41:18+00:00,Pomeranian,10.0,1652,591
2015-12-13 01:12:15+00:00,pug,10.0,2477,1000
2015-12-13 02:51:51+00:00,golden_retriever,11.0,1783,632
2015-12-13 04:02:03+00:00,West_Highland_white_terrier,10.0,2581,1067
2015-12-13 04:14:39+00:00,Italian_greyhound,6.0,2297,976
2015-12-13 04:40:46+00:00,Labrador_retriever,10.0,1774,653
2015-12-13 17:21:08+00:00,bull_mastiff,9.0,1431,483
2015-12-13 18:10:33+00:00,Shih-Tzu,11.0,3042,1284
2015-12-13 21:07:04+00:00,Irish_water_spaniel,10.0,2077,744
2015-12-14 00:07:50+00:00,Chihuahua,10.0,2478,1145
2015-12-14 03:08:46+00:00,French_bulldog,8.0,1335,331
2015-12-14 15:57:56+00:00,golden_retriever,10.0,1526,385
2015-12-14 16:34:00+00:00,Maltese_dog,11.0,1863,748
2015-12-14 18:35:43+00:00,golden_retriever,11.0,12616,5224
2015-12-14 20:17:59+00:00,pug,9.0,1641,602
2015-12-14 22:46:41+00:00,chow,12.0,2025,621
2015-12-15 02:23:26+00:00,Boston_bull,5.0,2533,896
2015-12-15 03:23:14+00:00,whippet,9.0,1280,440
2015-12-15 04:19:18+00:00,Chihuahua,13.0,3149,1108
2015-12-15 17:11:09+00:00,Chihuahua,9.0,1536,469
2015-12-15 17:51:44+00:00,Great_Pyrenees,11.0,25124,17605
2015-12-15 20:40:47+00:00,Chesapeake_Bay_retriever,10.0,2294,808
2015-12-16 01:27:03+00:00,Chesapeake_Bay_retriever,8.0,13809,5515
2015-12-16 02:08:04+00:00,Pekinese,12.0,1844,426
2015-12-16 02:19:04+00:00,Welsh_springer_spaniel,8.0,1413,448
2015-12-16 02:51:45+00:00,Labrador_retriever,10.0,2395,907
2015-12-16 04:01:59+00:00,malamute,11.0,3015,1203
2015-12-16 18:03:28+00:00,English_setter,9.0,2981,1033
2015-12-16 23:29:14+00:00,Shetland_sheepdog,10.0,2164,790
2015-12-17 01:35:24+00:00,Japanese_spaniel,5.0,1362,471
2015-12-17 02:30:09+00:00,Blenheim_spaniel,10.0,1799,611
2015-12-17 03:36:28+00:00,beagle,9.0,1189,265
2015-12-17 03:48:51+00:00,Lakeland_terrier,9.0,1477,328
2015-12-17 16:45:31+00:00,Staffordshire_bullterrier,9.0,1161,250
2015-12-17 17:56:29+00:00,American_Staffordshire_terrier,12.0,7568,4076
2015-12-17 19:07:09+00:00,basset,6.0,1409,513
2015-12-18 00:18:36+00:00,Chihuahua,11.0,2040,886
2015-12-18 02:17:22+00:00,Maltese_dog,9.0,3603,1677
2015-12-18 03:11:30+00:00,Pembroke,11.0,2681,950
2015-12-18 03:54:25+00:00,Shih-Tzu,9.0,1332,363
2015-12-18 16:56:01+00:00,dalmatian,9.0,5275,2384
2015-12-19 01:16:45+00:00,miniature_pinscher,12.0,15018,7148
2015-12-19 16:47:58+00:00,Chihuahua,9.0,1726,418
2015-12-19 18:19:51+00:00,Maltese_dog,10.0,12531,6857
2015-12-19 22:02:01+00:00,Norfolk_terrier,10.0,1427,304
2015-12-19 22:28:09+00:00,golden_retriever,12.0,1896,612
2015-12-20 01:38:42+00:00,miniature_pinscher,11.0,2044,473
2015-12-20 02:09:34+00:00,Pembroke,12.0,1731,478
2015-12-20 03:58:55+00:00,Maltese_dog,2.0,5916,2880
2015-12-20 05:25:42+00:00,Staffordshire_bullterrier,10.0,4358,1785
2015-12-20 18:29:43+00:00,Labrador_retriever,10.0,2250,489
2015-12-21 01:53:54+00:00,malamute,10.0,7802,3741
2015-12-21 02:30:45+00:00,Irish_terrier,10.0,1788,544
2015-12-21 04:44:55+00:00,Airedale,7.0,3804,1350
2015-12-21 04:52:53+00:00,Labrador_retriever,12.0,2810,1018
2015-12-21 16:04:13+00:00,Labrador_retriever,11.0,1796,528
2015-12-21 17:33:48+00:00,Eskimo_dog,12.0,2537,1333
2015-12-22 03:57:37+00:00,Italian_greyhound,8.0,3028,1163
2015-12-22 04:35:49+00:00,pug,11.0,23568,9193
2015-12-23 00:45:35+00:00,toy_poodle,11.0,34856,21324
2015-12-23 03:58:25+00:00,Chihuahua,7.0,3711,1461
2015-12-23 05:13:38+00:00,dalmatian,7.0,5208,2347
2015-12-23 17:55:32+00:00,boxer,8.0,1817,539
2015-12-23 18:51:56+00:00,French_bulldog,9.0,2311,918
2015-12-23 21:37:40+00:00,bloodhound,10.0,3390,1281
2015-12-24 00:58:27+00:00,Chihuahua,13.0,39726,15839
2015-12-24 02:02:12+00:00,Airedale,10.0,2593,887
2015-12-24 03:12:15+00:00,EntleBucher,11.0,2678,706
2015-12-24 16:00:30+00:00,Samoyed,10.0,18278,8067
2015-12-24 19:00:23+00:00,golden_retriever,11.0,3891,1554
2015-12-24 20:00:22+00:00,pug,9.0,2972,1028
2015-12-24 22:00:10+00:00,miniature_poodle,10.0,3955,1972
2015-12-24 23:00:17+00:00,bluetick,12.0,2538,828
2015-12-25 01:00:07+00:00,Brittany_spaniel,11.0,2356,577
2015-12-25 19:39:43+00:00,Lakeland_terrier,10.0,2778,844
2015-12-25 21:06:00+00:00,kuvasz,11.26,1879,542
2015-12-25 21:18:05+00:00,Chihuahua,12.0,4639,2162
2015-12-26 04:41:15+00:00,French_bulldog,9.0,2906,816
2015-12-26 17:25:59+00:00,pug,10.0,2600,925
2015-12-26 19:43:36+00:00,Pembroke,12.0,3766,1513
2015-12-26 23:15:17+00:00,Shetland_sheepdog,9.0,1945,418
2015-12-27 00:49:49+00:00,Pomeranian,11.0,2609,705
2015-12-27 02:15:25+00:00,Labrador_retriever,10.0,2285,497
2015-12-27 02:36:20+00:00,soft-coated_wheaten_terrier,4.0,3544,1225
2015-12-27 04:37:44+00:00,pug,9.0,2665,749
2015-12-27 19:22:30+00:00,Pomeranian,11.0,4077,1691
2015-12-27 21:52:07+00:00,Irish_setter,11.0,2629,540
2015-12-27 23:53:05+00:00,Tibetan_terrier,9.0,1597,308
2015-12-28 01:12:59+00:00,Saint_Bernard,11.0,3520,1258
2015-12-28 02:15:26+00:00,Lhasa,12.0,3490,1091
2015-12-28 03:46:05+00:00,Samoyed,11.0,2918,863
2015-12-28 17:12:42+00:00,Norfolk_terrier,12.0,15749,6620
2015-12-28 20:57:50+00:00,Rottweiler,8.0,3893,1489
2015-12-28 23:00:52+00:00,toy_poodle,12.0,2100,533
2015-12-29 01:52:46+00:00,Pomeranian,12.0,2903,1045
2015-12-29 04:31:49+00:00,toy_poodle,11.0,14010,4581
2015-12-29 17:36:07+00:00,Chihuahua,10.0,2706,951
2015-12-29 23:32:35+00:00,Labrador_retriever,12.0,3043,1161
2015-12-30 02:54:35+00:00,schipperke,11.0,7223,2294
2015-12-30 17:58:40+00:00,Siberian_husky,9.0,4578,1375
2015-12-31 02:33:29+00:00,curly-coated_retriever,9.0,1828,518
2015-12-31 02:52:40+00:00,vizsla,11.0,2441,773
2015-12-31 05:14:01+00:00,whippet,8.0,3769,1320
2015-12-31 19:05:54+00:00,English_springer,12.0,2266,675
2015-12-31 20:39:41+00:00,beagle,11.0,3326,1207
2016-01-01 02:29:49+00:00,English_setter,9.0,1674,494
2016-01-01 21:00:32+00:00,boxer,10.0,2370,832
2016-01-02 01:33:43+00:00,golden_retriever,12.0,2361,736
2016-01-02 02:23:45+00:00,cocker_spaniel,10.0,3736,1034
2016-01-02 04:27:31+00:00,Leonberg,9.0,3162,1173
2016-01-02 18:43:31+00:00,Pembroke,10.0,3238,1059
2016-01-02 20:58:09+00:00,French_bulldog,11.0,8356,2702
2016-01-03 00:47:59+00:00,Lakeland_terrier,10.0,4290,1837
2016-01-03 01:39:57+00:00,Italian_greyhound,8.0,2676,761
2016-01-03 02:53:17+00:00,keeshond,11.0,2878,1118
2016-01-03 04:01:13+00:00,Airedale,11.0,3469,1095
2016-01-03 20:12:10+00:00,Pembroke,11.0,7162,3781
2016-01-04 01:53:37+00:00,malamute,12.0,3053,1195
2016-01-04 02:18:42+00:00,Maltese_dog,9.0,2880,1265
2016-01-04 03:28:54+00:00,toy_poodle,10.0,2111,397
2016-01-04 19:43:10+00:00,Labrador_retriever,10.0,4515,1621
2016-01-05 01:00:50+00:00,chow,10.0,2215,764
2016-01-05 01:44:52+00:00,kelpie,10.0,3831,1343
2016-01-05 02:09:54+00:00,Chihuahua,9.0,2108,595
2016-01-05 05:14:53+00:00,Pembroke,12.0,8999,3727
2016-01-05 19:42:51+00:00,Labrador_retriever,10.0,2169,628
2016-01-05 21:06:19+00:00,Chihuahua,10.0,4249,1320
2016-01-06 00:54:18+00:00,Chihuahua,12.0,2915,1085
2016-01-06 04:38:35+00:00,Weimaraner,10.0,9843,4016
2016-01-06 18:14:31+00:00,miniature_schnauzer,11.0,2979,1124
2016-01-07 00:59:40+00:00,Pembroke,11.0,2053,605
2016-01-07 02:38:10+00:00,Labrador_retriever,11.0,3849,552
2016-01-07 03:30:07+00:00,Border_collie,12.0,3523,1191
2016-01-07 18:41:01+00:00,Bernese_mountain_dog,11.0,4489,1620
2016-01-08 01:16:17+00:00,pug,10.0,3419,1371
2016-01-08 03:50:03+00:00,Pomeranian,11.0,2262,496
2016-01-08 04:21:00+00:00,chow,11.0,3676,1234
2016-01-08 04:46:13+00:00,Boston_bull,10.0,2910,735
2016-01-08 05:00:14+00:00,golden_retriever,10.0,10471,4535
2016-01-09 01:59:19+00:00,Lakeland_terrier,7.0,3218,885
2016-01-09 19:31:20+00:00,Yorkshire_terrier,9.0,8277,3303
2016-01-09 21:58:42+00:00,papillon,8.0,1801,696
2016-01-09 23:55:38+00:00,Siberian_husky,11.0,2326,611
2016-01-10 02:13:27+00:00,Rhodesian_ridgeback,11.0,2704,472
2016-01-10 03:57:12+00:00,Great_Dane,12.0,3424,1324
2016-01-10 05:01:51+00:00,Pomeranian,11.0,2420,836
2016-01-11 01:25:58+00:00,pug,10.0,2398,776
2016-01-11 02:40:19+00:00,German_shepherd,10.0,2433,637
2016-01-11 03:17:53+00:00,Yorkshire_terrier,11.0,3553,996
2016-01-11 17:50:18+00:00,Labrador_retriever,10.0,2071,607
2016-01-11 18:39:05+00:00,Rottweiler,11.0,4042,1544
2016-01-12 02:06:41+00:00,Tibetan_mastiff,12.0,4543,1350
2016-01-13 02:17:20+00:00,Labrador_retriever,11.0,2449,695
2016-01-13 03:12:26+00:00,borzoi,11.0,6370,2803
2016-01-13 16:56:30+00:00,Shih-Tzu,11.0,22073,10411
2016-01-14 02:25:31+00:00,Boston_bull,10.0,2243,614
2016-01-14 03:45:57+00:00,English_springer,12.0,1760,281
2016-01-14 04:41:12+00:00,Rottweiler,7.0,2104,654
2016-01-14 15:57:26+00:00,pug,11.0,2121,576
2016-01-14 18:33:48+00:00,miniature_pinscher,9.0,2660,950
2016-01-15 02:08:05+00:00,Lakeland_terrier,12.0,2758,1080
2016-01-15 02:41:12+00:00,Pomeranian,12.0,2989,1292
2016-01-15 18:24:18+00:00,Eskimo_dog,11.0,1878,408
2016-01-15 21:52:49+00:00,pug,10.0,3093,888
2016-01-16 15:40:14+00:00,golden_retriever,12.0,10180,5035
2016-01-17 00:32:18+00:00,Pembroke,12.0,2520,825
2016-01-17 02:23:42+00:00,papillon,9.0,2862,789
2016-01-17 18:27:32+00:00,American_Staffordshire_terrier,8.0,2434,759
2016-01-17 21:01:41+00:00,Cardigan,9.0,1508,420
2016-01-18 01:38:15+00:00,Ibizan_hound,10.0,2307,890
2016-01-18 02:49:58+00:00,Pembroke,11.0,3003,983
2016-01-18 17:52:38+00:00,English_springer,10.0,2232,579
2016-01-18 18:36:07+00:00,cocker_spaniel,9.0,3348,1128
2016-01-19 02:36:42+00:00,American_Staffordshire_terrier,10.0,1273,285
2016-01-19 02:59:01+00:00,Chihuahua,10.0,2197,819
2016-01-19 03:10:43+00:00,Scotch_terrier,9.0,3624,1250
2016-01-19 18:39:13+00:00,Pembroke,12.0,3735,1609
2016-01-20 01:41:08+00:00,toy_poodle,10.0,2467,748
2016-01-20 04:13:20+00:00,Italian_greyhound,12.0,3501,1052
2016-01-20 15:44:48+00:00,collie,11.0,2369,850
2016-01-20 18:30:32+00:00,Old_English_sheepdog,9.0,3323,1344
2016-01-20 20:21:00+00:00,Pomeranian,11.0,2651,787
2016-01-21 02:34:07+00:00,standard_poodle,10.0,1561,424
2016-01-21 02:56:40+00:00,Samoyed,10.0,4004,1907
2016-01-21 03:38:27+00:00,malamute,12.0,2740,836
2016-01-22 02:28:52+00:00,pug,9.0,2925,1006
2016-01-22 03:24:22+00:00,kuvasz,11.0,3560,972
2016-01-22 05:07:29+00:00,Pembroke,10.0,2041,509
2016-01-23 02:53:03+00:00,kuvasz,8.0,2384,597
2016-01-23 03:20:44+00:00,golden_retriever,13.0,4134,1442
2016-01-23 18:09:53+00:00,golden_retriever,11.0,3902,1421
2016-01-24 03:14:07+00:00,borzoi,11.0,3253,1019
2016-01-24 18:09:23+00:00,Rottweiler,11.0,2828,747
2016-01-25 00:26:41+00:00,Lakeland_terrier,13.0,21253,8689
2016-01-25 02:17:57+00:00,Bernese_mountain_dog,12.0,2890,955
2016-01-25 03:16:56+00:00,Shetland_sheepdog,12.0,4449,1294
2016-01-25 04:49:38+00:00,bloodhound,5.0,2608,656
2016-01-25 22:58:05+00:00,Saint_Bernard,10.0,3179,1161
2016-01-26 16:12:33+00:00,Tibetan_terrier,9.0,3153,1081
2016-01-27 00:31:15+00:00,toy_poodle,13.0,1798,438
2016-01-27 01:33:08+00:00,pug,10.0,2369,896
2016-01-27 03:26:56+00:00,Siberian_husky,12.0,2768,929
2016-01-28 02:12:04+00:00,Siberian_husky,10.0,2021,474
2016-01-28 02:30:58+00:00,pug,10.0,3504,1529
2016-01-28 04:44:32+00:00,golden_retriever,12.0,4739,1737
2016-01-28 16:53:37+00:00,Samoyed,13.0,7496,4124
2016-01-28 21:54:41+00:00,Samoyed,12.0,3148,998
2016-01-29 02:17:12+00:00,German_short-haired_pointer,10.0,2511,910
2016-01-29 02:46:29+00:00,soft-coated_wheaten_terrier,10.0,1971,682
2016-01-29 03:56:12+00:00,Saint_Bernard,9.0,2926,838
2016-01-29 16:30:45+00:00,cocker_spaniel,11.0,1889,695
2016-01-29 19:36:08+00:00,Shih-Tzu,12.0,8668,3622
2016-01-30 00:38:37+00:00,vizsla,9.0,3133,841
2016-01-30 02:41:58+00:00,golden_retriever,11.0,2459,568
2016-01-30 03:52:58+00:00,Labrador_retriever,10.0,3669,1403
2016-01-31 02:31:43+00:00,malamute,10.0,1691,422
2016-01-31 03:00:47+00:00,pug,12.0,2685,894
2016-01-31 23:42:03+00:00,groenendael,10.0,1896,413
2016-02-01 03:38:15+00:00,Pembroke,11.0,3705,1176
2016-02-01 17:11:59+00:00,Shih-Tzu,10.0,4582,2297
2016-02-02 01:21:07+00:00,boxer,9.0,2203,569
2016-02-02 02:53:12+00:00,Australian_terrier,10.0,2244,700
2016-02-04 01:07:39+00:00,Boston_bull,6.0,2918,885
2016-02-04 02:40:08+00:00,Shih-Tzu,11.0,3116,1239
2016-02-04 04:03:57+00:00,papillon,12.0,2888,684
2016-02-04 18:35:39+00:00,Maltese_dog,10.0,4004,1675
2016-02-05 00:51:51+00:00,pug,10.0,9460,4017
2016-02-05 03:18:42+00:00,basenji,12.0,4787,2026
2016-02-05 15:27:17+00:00,Old_English_sheepdog,8.0,5020,2377
2016-02-06 00:35:13+00:00,soft-coated_wheaten_terrier,13.0,2060,854
2016-02-06 02:22:53+00:00,Samoyed,13.0,3490,880
2016-02-06 03:50:33+00:00,Pomeranian,11.0,3287,1320
2016-02-08 00:20:23+00:00,briard,12.0,2788,1166
2016-02-09 02:40:05+00:00,kuvasz,12.0,5317,2016
2016-02-09 03:14:25+00:00,Appenzeller,9.0,2594,758
2016-02-09 03:35:31+00:00,Chihuahua,12.0,3492,1156
2016-02-10 03:22:44+00:00,Great_Dane,8.0,3611,1136
2016-02-10 04:06:43+00:00,toy_poodle,10.0,5131,2087
2016-02-11 01:42:02+00:00,Shetland_sheepdog,11.0,3306,1425
2016-02-11 03:02:54+00:00,Lhasa,11.0,3467,1144
2016-02-12 03:47:39+00:00,Pembroke,11.0,3592,1451
2016-02-12 04:07:53+00:00,Staffordshire_bullterrier,11.0,1665,372
2016-02-12 16:16:41+00:00,Chesapeake_Bay_retriever,10.0,3084,830
2016-02-12 17:22:12+00:00,Labrador_retriever,9.0,18408,6750
2016-02-13 03:05:01+00:00,boxer,11.0,2485,1074
2016-02-13 03:59:01+00:00,pug,10.0,2046,516
2016-02-13 16:50:04+00:00,French_bulldog,9.0,2536,704
2016-02-14 03:01:06+00:00,Brittany_spaniel,7.0,1608,425
2016-02-14 03:29:49+00:00,Samoyed,10.0,2710,774
2016-02-14 16:33:40+00:00,German_short-haired_pointer,10.0,2787,699
2016-02-14 19:35:46+00:00,Italian_greyhound,11.0,2975,1020
2016-02-14 21:55:47+00:00,Norfolk_terrier,13.0,3701,1113
2016-02-15 01:05:02+00:00,Chihuahua,13.0,2863,1345
2016-02-15 03:27:04+00:00,Shih-Tzu,12.0,3296,1325
2016-02-15 03:55:41+00:00,schipperke,8.0,2677,745
2016-02-15 20:04:36+00:00,Labrador_retriever,10.0,3466,983
2016-02-15 23:13:03+00:00,cairn,11.0,2053,497
2016-02-16 02:04:04+00:00,Samoyed,11.0,2258,688
2016-02-16 02:42:52+00:00,pug,10.0,1505,383
2016-02-16 03:25:58+00:00,golden_retriever,12.0,2384,577
2016-02-16 04:15:05+00:00,Pembroke,12.0,6515,2938
2016-02-17 02:02:25+00:00,Dandie_Dinmont,11.0,2150,690
2016-02-17 02:17:19+00:00,malinois,10.0,3039,1397
2016-02-17 02:54:04+00:00,Border_terrier,12.0,2458,557
2016-02-17 03:45:29+00:00,golden_retriever,11.0,3345,1088
2016-02-17 17:01:14+00:00,Chihuahua,9.0,3627,1529
2016-02-17 18:49:22+00:00,West_Highland_white_terrier,10.0,2262,661
2016-02-18 02:24:13+00:00,golden_retriever,10.0,8282,3129
2016-02-19 03:11:35+00:00,American_Staffordshire_terrier,10.0,2887,915
2016-02-19 18:24:26+00:00,Great_Pyrenees,11.0,25130,10673
2016-02-20 01:00:55+00:00,Rhodesian_ridgeback,10.0,2637,558
2016-02-20 02:06:50+00:00,kuvasz,12.0,2828,685
2016-02-21 01:19:47+00:00,Chihuahua,12.0,13475,5812
2016-02-21 23:13:01+00:00,Border_collie,10.0,2902,680
2016-02-22 00:53:31+00:00,Yorkshire_terrier,9.0,3080,1055
2016-02-22 02:57:08+00:00,Chihuahua,10.0,2299,523
2016-02-22 21:59:57+00:00,French_bulldog,11.0,3905,1558
2016-02-23 02:12:47+00:00,toy_poodle,11.0,4167,1149
2016-02-23 04:06:20+00:00,Pomeranian,12.0,3755,1106
2016-02-23 19:44:20+00:00,golden_retriever,9.0,5268,1526
2016-02-23 23:39:59+00:00,Boston_bull,11.0,2706,860
2016-02-24 02:36:23+00:00,West_Highland_white_terrier,12.0,3604,1156
2016-02-24 17:04:07+00:00,Pomeranian,12.0,3134,1091
2016-02-24 20:56:55+00:00,kelpie,11.0,11332,3712
2016-02-25 01:47:04+00:00,bloodhound,10.0,2398,634
2016-02-25 02:42:00+00:00,golden_retriever,11.0,3516,1215
2016-02-26 04:48:02+00:00,Pembroke,11.0,8064,3494
2016-02-26 23:10:06+00:00,Border_collie,9.0,2085,429
2016-02-27 00:55:11+00:00,golden_retriever,12.0,3837,1285
2016-02-27 03:42:44+00:00,miniature_pinscher,9.0,4162,1559
2016-02-27 16:03:45+00:00,Pembroke,10.0,4229,1709
2016-02-28 02:29:55+00:00,boxer,10.0,3621,1276
2016-02-28 02:50:28+00:00,Labrador_retriever,10.0,2020,526
2016-02-29 17:56:32+00:00,Pembroke,12.0,8804,3999
2016-03-01 01:36:14+00:00,Samoyed,11.0,3723,1197
2016-03-01 02:53:32+00:00,Chihuahua,12.0,3212,1124
2016-03-02 01:56:53+00:00,golden_retriever,12.0,5594,1727
2016-03-02 02:43:09+00:00,pug,10.0,2462,612
2016-03-02 03:30:25+00:00,Norfolk_terrier,12.0,4585,1245
2016-03-02 16:23:36+00:00,Airedale,12.0,2378,683
2016-03-02 18:48:16+00:00,collie,10.0,2342,585
2016-03-03 16:23:38+00:00,Chihuahua,11.0,4188,1931
2016-03-03 17:19:38+00:00,Great_Pyrenees,12.0,4877,1859
2016-03-03 19:32:29+00:00,golden_retriever,12.0,3231,1045
2016-03-04 03:13:11+00:00,basenji,11.0,3475,1308
2016-03-04 23:32:15+00:00,collie,10.0,2597,643
2016-03-05 04:17:02+00:00,golden_retriever,12.0,3440,1008
2016-03-05 04:36:02+00:00,Staffordshire_bullterrier,10.0,3397,842
2016-03-05 17:16:20+00:00,Samoyed,7.0,5636,1819
2016-03-05 23:51:49+00:00,papillon,11.0,2979,1030
2016-03-06 01:31:11+00:00,Border_terrier,11.0,1861,522
2016-03-06 02:46:44+00:00,Pembroke,12.0,23443,9034
2016-03-06 05:11:12+00:00,Tibetan_mastiff,12.0,3768,1035
2016-03-06 16:27:23+00:00,golden_retriever,12.0,3404,1150
2016-03-06 17:52:42+00:00,chow,11.0,3778,1580
2016-03-07 03:24:33+00:00,toy_poodle,12.0,3627,1103
2016-03-08 01:25:10+00:00,Chihuahua,11.0,2502,664
2016-03-08 01:52:18+00:00,cocker_spaniel,12.0,4433,1540
2016-03-08 03:00:15+00:00,pug,10.0,2404,900
2016-03-08 04:25:07+00:00,Samoyed,11.0,2796,759
2016-03-08 20:09:54+00:00,Blenheim_spaniel,10.0,3022,903
2016-03-08 21:23:50+00:00,Bernese_mountain_dog,10.0,2698,727
2016-03-09 01:26:57+00:00,golden_retriever,9.0,3603,1214
2016-03-09 02:08:59+00:00,Chihuahua,10.0,3835,1490
2016-03-09 03:45:22+00:00,Lakeland_terrier,11.0,2486,673
2016-03-09 16:56:11+00:00,golden_retriever,12.0,18557,7236
2016-03-10 01:35:01+00:00,whippet,10.0,2718,696
2016-03-10 03:55:45+00:00,miniature_pinscher,11.0,3593,1079
2016-03-10 16:42:10+00:00,toy_poodle,11.0,2941,1097
2016-03-10 20:26:26+00:00,malinois,13.0,4799,2166
2016-03-11 01:56:49+00:00,Staffordshire_bullterrier,10.0,2124,610
2016-03-11 02:36:57+00:00,Norwich_terrier,9.0,2937,1102
2016-03-11 03:22:23+00:00,French_bulldog,11.0,3707,943
2016-03-11 04:35:39+00:00,Cardigan,10.0,4672,1727
2016-03-11 18:18:36+00:00,pug,10.0,3929,1520
2016-03-12 01:49:25+00:00,Chihuahua,11.0,3357,926
2016-03-12 02:28:06+00:00,Shih-Tzu,13.0,2768,765
2016-03-12 19:35:15+00:00,Pomeranian,11.0,2997,917
2016-03-13 00:24:26+00:00,golden_retriever,10.0,18036,7848
2016-03-13 01:57:25+00:00,Eskimo_dog,10.0,1860,571
2016-03-13 02:43:08+00:00,schipperke,9.0,3226,1015
2016-03-13 23:24:56+00:00,Siberian_husky,10.0,2236,470
2016-03-14 02:39:42+00:00,Chihuahua,11.0,13755,6567
2016-03-14 03:50:21+00:00,Labrador_retriever,11.0,2615,647
2016-03-14 16:02:49+00:00,Shetland_sheepdog,8.0,2855,788
2016-03-14 18:42:20+00:00,Maltese_dog,10.0,2420,665
2016-03-14 23:19:03+00:00,cocker_spaniel,9.0,1620,277
2016-03-15 01:48:55+00:00,golden_retriever,12.0,3593,1204
2016-03-15 02:25:31+00:00,chow,12.0,3865,1367
2016-03-15 21:24:41+00:00,Chihuahua,12.0,3824,1336
2016-03-16 01:46:45+00:00,Pembroke,12.0,3250,1215
2016-03-16 14:54:24+00:00,toy_poodle,11.0,5999,2233
2016-03-16 16:29:35+00:00,Pekinese,8.0,3017,1008
2016-03-17 00:58:46+00:00,pug,13.0,2613,1257
2016-03-17 01:11:26+00:00,Old_English_sheepdog,11.0,4945,1425
2016-03-17 01:55:02+00:00,Shih-Tzu,11.0,2308,580
2016-03-17 22:09:38+00:00,Pembroke,12.0,4968,2107
2016-03-18 14:19:56+00:00,Pembroke,12.0,2937,606
2016-03-19 01:11:29+00:00,malamute,12.0,4960,1561
2016-03-19 01:54:56+00:00,French_bulldog,11.0,3275,710
2016-03-20 01:28:47+00:00,Pembroke,11.0,3996,1287
2016-03-21 02:38:34+00:00,Lakeland_terrier,11.0,3095,1101
2016-03-22 01:16:55+00:00,Shih-Tzu,11.0,3531,556
2016-03-22 02:03:52+00:00,Labrador_retriever,10.0,4144,1172
2016-03-23 15:53:42+00:00,Labrador_retriever,10.0,4531,1367
2016-03-23 19:09:09+00:00,Great_Pyrenees,10.0,13474,5616
2016-03-24 01:11:29+00:00,Labrador_retriever,10.0,20378,7602
2016-03-25 01:35:51+00:00,whippet,10.0,7854,3183
2016-03-25 17:03:49+00:00,Great_Pyrenees,11.0,4802,1440
2016-03-26 16:15:05+00:00,Brittany_spaniel,12.0,5308,1541
2016-03-27 02:43:58+00:00,Siberian_husky,12.0,3564,869
2016-03-27 17:25:54+00:00,Labrador_retriever,10.0,4673,1569
2016-03-27 22:14:49+00:00,pug,13.0,2480,990
2016-03-28 00:43:43+00:00,soft-coated_wheaten_terrier,8.0,3570,940
2016-03-29 00:12:05+00:00,Norfolk_terrier,12.0,3938,1038
2016-03-29 23:29:14+00:00,Great_Pyrenees,10.0,4503,1595
2016-03-30 01:07:18+00:00,Brittany_spaniel,9.0,4094,1166
2016-03-30 15:34:51+00:00,Chihuahua,12.0,5578,2110
2016-03-30 16:52:36+00:00,Chihuahua,10.0,2630,736
2016-03-31 00:58:29+00:00,West_Highland_white_terrier,10.0,3294,768
2016-03-31 23:22:53+00:00,golden_retriever,12.0,4719,1813
2016-04-01 00:26:15+00:00,Staffordshire_bullterrier,10.0,4257,1454
2016-04-01 02:51:22+00:00,Dandie_Dinmont,10.0,5093,1920
2016-04-01 15:46:52+00:00,pug,11.0,3485,987
2016-04-02 01:52:38+00:00,golden_retriever,11.0,5272,1935
2016-04-02 15:25:47+00:00,Yorkshire_terrier,12.0,3041,1225
2016-04-03 01:36:11+00:00,Siberian_husky,11.0,2574,247
2016-04-04 00:55:01+00:00,Pomeranian,11.0,5204,1474
2016-04-04 01:41:58+00:00,malinois,10.0,4627,1317
2016-04-04 15:22:08+00:00,Siberian_husky,10.0,3583,1102
2016-04-04 17:53:31+00:00,golden_retriever,12.0,6826,2135
2016-04-05 18:41:02+00:00,miniature_pinscher,9.0,3446,945
2016-04-06 02:21:30+00:00,golden_retriever,11.0,6281,2069
2016-04-06 22:29:56+00:00,Brittany_spaniel,11.0,2660,670
2016-04-08 00:30:51+00:00,malamute,11.0,4217,1127
2016-04-08 01:19:36+00:00,Chihuahua,3.0,2115,565
2016-04-08 20:46:50+00:00,Maltese_dog,10.0,2730,1137
2016-04-09 01:35:37+00:00,Labrador_retriever,11.0,2669,542
2016-04-09 02:47:55+00:00,Pomeranian,10.0,20697,9126
2016-04-09 23:10:47+00:00,Pembroke,12.0,5720,1973
2016-04-11 01:13:34+00:00,Dandie_Dinmont,11.0,3711,1078
2016-04-11 01:41:07+00:00,golden_retriever,10.0,4822,1403
2016-04-11 15:43:12+00:00,malamute,10.0,5515,2192
2016-04-12 20:50:42+00:00,golden_retriever,10.0,5281,1979
2016-04-13 00:17:25+00:00,Samoyed,11.0,5332,2253
2016-04-13 01:22:10+00:00,Mexican_hairless,9.0,4229,1268
2016-04-13 23:15:21+00:00,Pembroke,11.0,6974,2840
2016-04-14 00:55:25+00:00,Rottweiler,10.0,4503,1681
2016-04-15 00:46:48+00:00,Newfoundland,10.0,2702,760
2016-04-15 01:26:47+00:00,Chihuahua,12.0,3400,866
2016-04-15 15:44:11+00:00,Samoyed,11.0,2748,686
2016-04-17 00:58:53+00:00,Pomeranian,11.0,5086,2124
2016-04-20 02:30:23+00:00,Labrador_retriever,12.0,5393,1831
2016-04-21 02:25:47+00:00,Great_Dane,13.0,4493,1764
2016-04-23 00:41:42+00:00,golden_retriever,10.0,3291,1011
2016-04-23 16:34:28+00:00,Samoyed,12.0,4236,1374
2016-04-24 01:24:35+00:00,boxer,10.0,2901,620
2016-04-24 01:38:33+00:00,Border_collie,10.0,4738,1984
2016-04-25 01:12:38+00:00,golden_retriever,10.0,5800,1847
2016-04-26 01:26:53+00:00,German_short-haired_pointer,11.0,2593,725
2016-04-26 15:29:30+00:00,golden_retriever,12.0,4040,1462
2016-04-28 16:52:08+00:00,boxer,12.0,5646,2009
2016-04-28 20:40:11+00:00,chow,11.0,4537,1527
2016-04-29 00:21:01+00:00,toy_poodle,12.0,7691,2970
2016-04-30 01:41:23+00:00,standard_poodle,9.0,4811,1302
2016-05-01 17:38:46+00:00,miniature_pinscher,12.0,3882,1124
2016-05-01 21:32:40+00:00,soft-coated_wheaten_terrier,10.0,4195,1677
2016-05-02 16:38:15+00:00,flat-coated_retriever,10.0,4209,1540
2016-05-03 01:50:44+00:00,toy_poodle,11.0,3623,834
2016-05-03 15:46:33+00:00,Pomeranian,10.0,4900,1379
2016-05-03 23:42:26+00:00,Great_Pyrenees,13.0,6431,1962
2016-05-04 02:26:00+00:00,Border_collie,12.0,3206,720
2016-05-05 00:16:48+00:00,cocker_spaniel,11.0,4479,1219
2016-05-05 02:21:37+00:00,Newfoundland,11.0,4722,1328
2016-05-06 00:53:27+00:00,collie,12.0,3999,1075
2016-05-07 00:59:55+00:00,Saint_Bernard,10.0,3032,757
2016-05-07 01:37:30+00:00,Pembroke,13.0,5090,1911
2016-05-07 16:34:32+00:00,Maltese_dog,11.0,3460,917
2016-05-09 00:11:16+00:00,German_shepherd,13.0,6340,2586
2016-05-10 00:01:12+00:00,kelpie,13.0,4358,1390
2016-05-11 01:44:07+00:00,pug,11.0,4180,1182
2016-05-11 15:59:50+00:00,Eskimo_dog,11.0,3809,1176
2016-05-12 01:40:42+00:00,American_Staffordshire_terrier,10.0,5407,2435
2016-05-14 00:49:30+00:00,Pembroke,12.0,3798,1090
2016-05-16 00:31:53+00:00,English_setter,11.0,16324,6154
2016-05-17 14:57:41+00:00,Staffordshire_bullterrier,10.0,4016,868
2016-05-18 00:14:46+00:00,Pomeranian,11.0,3855,1003
2016-05-19 01:38:16+00:00,golden_retriever,12.0,44619,17621
2016-05-20 00:51:30+00:00,chow,11.0,4605,1451
2016-05-20 02:18:32+00:00,French_bulldog,10.0,3438,1065
2016-05-21 00:50:46+00:00,Lhasa,10.0,4015,1141
2016-05-21 01:13:53+00:00,beagle,10.0,3926,881
2016-05-23 16:01:50+00:00,Siberian_husky,11.0,2742,608
2016-05-23 16:46:51+00:00,golden_retriever,13.0,13745,7102
2016-05-24 01:02:00+00:00,Maltese_dog,10.0,2993,572
2016-05-24 15:55:00+00:00,Walker_hound,9.0,3428,1092
2016-05-24 23:47:49+00:00,Staffordshire_bullterrier,8.0,3675,993
2016-05-26 00:54:06+00:00,pug,11.0,6776,2659
2016-05-26 01:47:51+00:00,Pembroke,12.0,4397,1237
2016-05-27 00:32:10+00:00,cocker_spaniel,11.0,3934,1283
2016-05-27 01:47:23+00:00,golden_retriever,10.0,8652,3355
2016-05-27 15:58:54+00:00,Labrador_retriever,10.0,8901,3115
2016-05-29 01:49:16+00:00,schipperke,13.0,4736,1972
2016-05-31 00:49:32+00:00,Samoyed,13.0,11302,5048
2016-05-31 16:14:39+00:00,Pembroke,11.0,5528,1509
2016-06-01 00:17:54+00:00,malamute,10.0,10943,3904
2016-06-01 02:00:04+00:00,vizsla,10.0,5757,2006
2016-06-01 23:52:28+00:00,pug,10.0,2768,748
2016-06-02 00:32:39+00:00,keeshond,12.0,9635,3828
2016-06-02 01:44:22+00:00,Bedlington_terrier,9.0,4727,1360
2016-06-02 16:10:29+00:00,cocker_spaniel,10.0,3599,955
2016-06-03 01:07:16+00:00,chow,11.0,5575,1759
2016-06-04 00:01:35+00:00,Labrador_retriever,10.0,3661,917
2016-06-04 23:31:25+00:00,Eskimo_dog,13.0,75163,52360
2016-06-05 15:54:48+00:00,Walker_hound,6.0,7887,3309
2016-06-05 19:47:03+00:00,Labrador_retriever,10.0,43694,24319
2016-06-05 23:53:41+00:00,Blenheim_spaniel,9.0,5897,1876
2016-06-06 15:40:26+00:00,toy_poodle,12.0,4138,966
2016-06-06 21:32:13+00:00,redbone,10.0,4443,1217
2016-06-07 00:36:02+00:00,Irish_water_spaniel,12.0,21898,6719
2016-06-07 16:09:13+00:00,Chesapeake_Bay_retriever,10.0,7335,2220
2016-06-08 01:45:19+00:00,golden_retriever,9.0,3610,967
2016-06-08 02:41:38+00:00,golden_retriever,14.0,20648,9220
2016-06-09 01:07:06+00:00,toy_poodle,9.0,3736,1062
2016-06-09 19:52:53+00:00,malamute,10.0,7018,3154
2016-06-10 00:39:48+00:00,golden_retriever,12.0,10342,3520
2016-06-10 16:19:48+00:00,Chihuahua,12.0,9631,3650
2016-06-11 01:13:51+00:00,Chesapeake_Bay_retriever,9.0,4026,937
2016-06-11 21:27:17+00:00,Labrador_retriever,11.0,8945,3144
2016-06-12 00:44:30+00:00,kuvasz,10.0,4982,1698
2016-06-13 15:59:24+00:00,Cardigan,11.0,7457,2266
2016-06-13 18:27:32+00:00,pug,12.0,10812,4319
2016-06-15 22:36:19+00:00,golden_retriever,10.0,4215,1560
2016-06-15 23:24:09+00:00,kuvasz,12.0,6792,2164
2016-06-16 01:25:36+00:00,malamute,10.0,4624,1366
2016-06-17 01:00:24+00:00,Weimaraner,10.0,4917,1560
2016-06-17 19:59:26+00:00,dalmatian,10.0,3999,1087
2016-06-18 01:33:55+00:00,bull_mastiff,11.0,4551,1231
2016-06-18 18:26:18+00:00,Labrador_retriever,13.0,131075,79515
2016-06-19 01:02:50+00:00,Samoyed,11.0,7443,2412
2016-06-20 01:54:27+00:00,Shetland_sheepdog,10.0,6150,1771
2016-06-20 19:11:53+00:00,toy_poodle,12.0,8652,3042
2016-06-20 20:49:19+00:00,Old_English_sheepdog,9.0,3277,716
2016-06-21 00:54:33+00:00,Shetland_sheepdog,12.0,7945,2585
2016-06-22 01:06:43+00:00,Labrador_retriever,9.0,9412,2768
2016-06-23 01:25:06+00:00,Pekinese,10.0,4437,1207
2016-06-23 19:05:49+00:00,Shetland_sheepdog,11.0,3904,931
2016-06-24 00:04:36+00:00,chow,10.0,7565,2511
2016-06-24 15:48:42+00:00,German_shepherd,9.0,6637,1854
2016-06-25 00:56:43+00:00,toy_poodle,10.0,5094,1226
2016-06-25 15:29:00+00:00,golden_retriever,12.0,6648,2037
2016-06-25 19:42:08+00:00,Boston_bull,10.0,5345,1806
2016-06-26 01:08:52+00:00,Pembroke,11.0,6593,2429
2016-06-26 16:25:26+00:00,Labrador_retriever,11.0,10534,4548
2016-06-27 00:07:44+00:00,Shetland_sheepdog,11.0,5792,1791
2016-06-28 00:54:46+00:00,basenji,11.0,4065,1205
2016-06-28 01:21:27+00:00,Chesapeake_Bay_retriever,10.0,2545,619
2016-06-28 15:40:07+00:00,Pembroke,4.0,5346,1316
2016-06-28 17:28:22+00:00,Pembroke,11.0,3084,851
2016-06-28 20:14:22+00:00,kuvasz,8.0,3243,1116
2016-06-28 23:23:19+00:00,Samoyed,11.0,7310,2894
2016-06-29 01:23:16+00:00,kelpie,10.0,6397,2444
2016-06-30 01:15:31+00:00,Shetland_sheepdog,11.0,4078,867
2016-06-30 02:45:28+00:00,borzoi,10.0,5735,1413
2016-06-30 17:28:39+00:00,Tibetan_terrier,12.0,2411,776
2016-07-01 02:06:06+00:00,Pembroke,11.0,5213,1814
2016-07-01 17:33:49+00:00,borzoi,13.0,6461,2564
2016-07-01 20:31:43+00:00,German_short-haired_pointer,10.0,11235,3759
2016-07-02 02:17:13+00:00,pug,11.0,5277,1714
2016-07-03 00:14:27+00:00,Pomeranian,10.0,9488,3951
2016-07-03 00:43:15+00:00,Chesapeake_Bay_retriever,10.0,2892,622
2016-07-03 01:41:06+00:00,papillon,11.0,6721,1904
2016-07-04 01:17:51+00:00,Pekinese,12.0,5114,1493
2016-07-04 16:00:22+00:00,Old_English_sheepdog,12.0,3331,919
2016-07-04 18:00:41+00:00,standard_poodle,10.0,2986,888
2016-07-04 19:00:33+00:00,Labrador_retriever,13.0,3502,703
2016-07-04 20:00:23+00:00,Saluki,11.0,3444,1011
2016-07-04 21:00:04+00:00,redbone,10.0,8653,3802
2016-07-04 22:00:12+00:00,pug,12.0,2383,613
2016-07-04 23:00:03+00:00,golden_retriever,11.0,3344,959
2016-07-05 00:00:18+00:00,Shih-Tzu,10.0,4740,1466
2016-07-05 01:00:05+00:00,toy_poodle,11.0,3990,1440
2016-07-05 02:00:06+00:00,pug,13.0,3409,1095
2016-07-05 17:38:41+00:00,Border_collie,9.0,5005,1309
2016-07-05 20:41:01+00:00,golden_retriever,12.0,14569,4947
2016-07-06 15:54:42+00:00,Pembroke,12.0,14621,5747
2016-07-07 01:47:22+00:00,toy_poodle,11.0,5306,1595
2016-07-07 19:16:47+00:00,Labrador_retriever,10.0,5610,1480
2016-07-08 00:04:50+00:00,Labrador_retriever,12.0,6948,2086
2016-07-08 16:44:23+00:00,golden_retriever,12.0,3516,1127
2016-07-08 22:09:27+00:00,Labrador_retriever,10.0,5547,1445
2016-07-09 01:08:47+00:00,dalmatian,5.0,4849,1265
2016-07-09 02:06:27+00:00,toy_poodle,13.0,8699,3440
2016-07-09 17:28:29+00:00,chow,12.0,6428,2227
2016-07-10 00:32:46+00:00,Lakeland_terrier,11.0,5770,1530
2016-07-10 16:10:29+00:00,Labrador_retriever,12.0,6569,2106
2016-07-11 02:51:40+00:00,Bedlington_terrier,8.0,4238,1263
2016-07-12 01:52:49+00:00,German_shepherd,10.0,6642,1846
2016-07-12 17:27:23+00:00,German_shepherd,11.0,7592,1790
2016-07-13 00:43:15+00:00,Pembroke,10.0,4283,1109
2016-07-13 23:48:51+00:00,bluetick,8.0,8411,2655
2016-07-14 18:22:23+00:00,miniature_pinscher,10.0,6458,2492
2016-07-15 17:56:40+00:00,French_bulldog,12.0,9726,4079
2016-07-16 22:55:55+00:00,beagle,11.0,4147,846
2016-07-18 01:53:28+00:00,golden_retriever,11.0,7616,2870
2016-07-18 03:06:01+00:00,pug,11.0,0,9193
2016-07-18 18:43:07+00:00,Labrador_retriever,13.0,23446,12621
2016-07-21 02:41:54+00:00,Pekinese,12.0,8092,3285
2016-07-21 23:53:04+00:00,Airedale,10.0,7114,1738
2016-07-22 01:42:09+00:00,golden_retriever,11.0,4359,1231
2016-07-23 00:46:50+00:00,Pembroke,11.0,5612,1511
2016-07-23 19:49:07+00:00,golden_retriever,12.0,7342,2295
2016-07-23 23:42:53+00:00,golden_retriever,11.0,6923,2271
2016-07-24 23:20:20+00:00,Italian_greyhound,8.0,4995,1637
2016-07-25 01:52:43+00:00,Labrador_retriever,10.0,6462,2009
2016-07-25 16:21:11+00:00,bluetick,12.0,5026,1272
2016-07-27 17:35:10+00:00,Pembroke,11.0,3797,1245
2016-07-27 20:56:24+00:00,Chesapeake_Bay_retriever,10.0,5756,2204
2016-07-28 01:31:38+00:00,Pembroke,11.0,4227,1132
2016-07-28 19:06:01+00:00,Chesapeake_Bay_retriever,12.0,6339,1824
2016-07-29 00:57:05+00:00,Chesapeake_Bay_retriever,13.0,12376,4376
2016-07-29 15:27:55+00:00,Labrador_retriever,11.0,7227,2302
2016-07-29 22:53:27+00:00,Irish_terrier,11.0,0,1359
2016-07-30 01:22:17+00:00,kuvasz,12.0,6725,2221
2016-07-30 17:56:51+00:00,kuvasz,11.0,9418,2827
2016-07-31 01:12:26+00:00,golden_retriever,10.0,5202,1341
2016-07-31 01:50:18+00:00,Labrador_retriever,10.0,0,24319
2016-07-31 16:50:42+00:00,golden_retriever,12.0,6620,2173
2016-07-31 20:21:02+00:00,Sussex_spaniel,11.0,7433,2265
2016-08-01 01:28:46+00:00,Labrador_retriever,10.0,16284,6521
2016-08-02 01:44:48+00:00,Old_English_sheepdog,13.0,29618,13140
2016-08-02 18:14:06+00:00,Samoyed,12.0,8399,4168
2016-08-03 02:02:14+00:00,golden_retriever,11.0,7343,2210
2016-08-04 01:03:17+00:00,golden_retriever,11.0,12482,3952
2016-08-04 20:09:17+00:00,standard_poodle,11.0,4957,1265
2016-08-04 22:52:29+00:00,Norwegian_elkhound,10.0,5792,1669
2016-08-05 16:28:54+00:00,Gordon_setter,11.0,4578,1336
2016-08-06 02:27:27+00:00,golden_retriever,10.0,0,4535
2016-08-06 17:26:19+00:00,Labrador_retriever,12.0,5992,2310
2016-08-08 01:44:46+00:00,chow,12.0,11503,4839
2016-08-08 02:13:34+00:00,Samoyed,12.0,12571,7612
2016-08-08 17:19:51+00:00,kelpie,11.0,13518,4190
2016-08-10 01:23:03+00:00,miniature_poodle,8.0,6004,1702
2016-08-11 20:40:41+00:00,malamute,11.0,14041,4858
2016-08-13 00:38:30+00:00,German_shepherd,10.0,6718,1745
2016-08-14 16:13:27+00:00,Bernese_mountain_dog,12.0,7099,2029
2016-08-15 16:22:20+00:00,dalmatian,10.0,12902,3914
2016-08-16 02:14:15+00:00,golden_retriever,11.0,7842,2475
2016-08-16 03:52:26+00:00,Pembroke,13.0,20539,3127
2016-08-16 22:00:23+00:00,beagle,12.0,5760,1407
2016-08-17 01:20:27+00:00,golden_retriever,12.0,8021,2475
2016-08-17 20:27:34+00:00,Welsh_springer_spaniel,11.0,4149,571
2016-08-18 00:28:24+00:00,redbone,12.0,4765,1003
2016-08-18 01:03:45+00:00,toy_poodle,12.0,0,2970
2016-08-18 16:38:26+00:00,toy_poodle,12.0,7493,2166
2016-08-18 23:55:18+00:00,keeshond,9.0,6671,1825
2016-08-19 17:47:52+00:00,Doberman,11.0,4484,918
2016-08-20 00:26:19+00:00,beagle,10.0,5650,1565
2016-08-20 22:12:29+00:00,toy_poodle,13.0,11227,3261
2016-08-21 23:15:55+00:00,chow,12.0,8295,2688
2016-08-22 16:06:54+00:00,vizsla,11.0,17814,6221
2016-08-24 15:43:39+00:00,Labrador_retriever,11.0,15110,3958
2016-08-24 23:50:10+00:00,Great_Pyrenees,12.0,5592,1473
2016-08-25 16:58:45+00:00,chow,11.0,4660,1034
2016-08-28 00:37:54+00:00,pug,13.0,7101,1926
2016-08-28 16:51:16+00:00,miniature_pinscher,12.0,34948,11131
2016-08-29 01:22:47+00:00,Boston_bull,10.0,8385,2651
2016-08-29 03:00:36+00:00,golden_retriever,12.0,0,3520
2016-08-29 16:14:30+00:00,Italian_greyhound,10.0,6923,1718
2016-08-30 23:58:40+00:00,chow,11.0,5749,1626
2016-08-31 00:58:39+00:00,Bernese_mountain_dog,10.0,5498,1415
2016-08-31 21:47:27+00:00,Labrador_retriever,12.0,6898,1663
2016-09-01 02:21:21+00:00,Samoyed,11.0,0,8705
2016-09-01 16:14:48+00:00,collie,11.0,11746,5912
2016-09-02 00:12:18+00:00,Labrador_retriever,12.0,9167,3018
2016-09-02 18:03:10+00:00,papillon,11.0,13356,3924
2016-09-03 16:04:27+00:00,Pembroke,11.0,4448,1065
2016-09-03 16:52:02+00:00,Chihuahua,10.0,3005,546
2016-09-03 17:02:54+00:00,Labrador_retriever,12.0,4165,848
2016-09-03 19:23:13+00:00,golden_retriever,10.0,4181,1300
2016-09-03 22:02:38+00:00,Pembroke,12.0,6665,1612
2016-09-04 23:46:12+00:00,Newfoundland,10.0,7192,1968
2016-09-05 02:00:22+00:00,dalmatian,10.0,0,3914
2016-09-05 15:58:34+00:00,basset,11.0,8842,2669
2016-09-06 16:10:20+00:00,Blenheim_spaniel,12.0,11117,4736
2016-09-07 15:44:53+00:00,Norwegian_elkhound,11.0,24553,7126
2016-09-07 23:52:41+00:00,Old_English_sheepdog,10.0,5935,1501
2016-09-08 02:09:06+00:00,silky_terrier,12.0,7317,1891
2016-09-08 16:33:46+00:00,Pomeranian,12.0,7110,1999
2016-09-09 18:31:54+00:00,Eskimo_dog,14.0,24167,6478
2016-09-10 16:03:16+00:00,Walker_hound,10.0,7508,2013
2016-09-10 23:54:11+00:00,toy_poodle,12.0,9462,2035
2016-09-11 21:34:30+00:00,chow,13.0,17281,5488
2016-09-12 16:05:54+00:00,beagle,11.0,8295,3472
2016-09-13 23:44:54+00:00,chow,12.0,13022,3116
2016-09-14 03:27:11+00:00,golden_retriever,12.0,0,17621
2016-09-14 23:30:38+00:00,Rottweiler,10.0,10681,2919
2016-09-15 00:36:55+00:00,Samoyed,13.0,33345,18497
2016-09-15 17:48:25+00:00,Labrador_retriever,11.0,9858,3249
2016-09-16 16:00:31+00:00,toy_poodle,12.0,5444,1405
2016-09-16 16:24:19+00:00,Chihuahua,13.0,0,15839
2016-09-17 16:57:35+00:00,Chihuahua,12.0,15921,4999
2016-09-18 21:33:11+00:00,chow,12.0,9742,2910
2016-09-18 22:54:18+00:00,golden_retriever,12.0,0,4947
2016-09-19 01:42:24+00:00,cocker_spaniel,12.0,12518,3403
2016-09-20 00:24:34+00:00,clumber,11.27,7320,1885
2016-09-20 01:12:28+00:00,German_shepherd,12.0,9417,3065
2016-09-20 17:36:50+00:00,Boston_bull,11.0,11576,3836
2016-09-21 00:00:35+00:00,collie,13.0,6515,1271
2016-09-21 01:39:11+00:00,Pembroke,14.0,15135,5023
2016-09-21 16:00:17+00:00,Airedale,11.0,5177,1176
2016-09-21 17:42:10+00:00,German_shepherd,10.0,6430,1729
2016-09-22 00:13:04+00:00,Staffordshire_bullterrier,11.0,7717,1562
2016-09-22 16:13:51+00:00,cocker_spaniel,11.0,22342,8437
2016-09-22 20:33:42+00:00,Chihuahua,13.0,16500,5247
2016-09-23 01:00:13+00:00,toy_poodle,12.0,13206,4207
2016-09-25 00:06:08+00:00,golden_retriever,11.0,21252,8237
2016-09-26 17:29:48+00:00,Great_Dane,11.0,5892,1224
2016-09-26 18:38:05+00:00,pug,12.0,0,136
2016-09-26 19:56:24+00:00,pug,12.0,0,4319
2016-09-26 23:04:13+00:00,golden_retriever,12.0,7040,2032
2016-09-27 02:53:48+00:00,Saint_Bernard,12.0,13525,3839
2016-09-27 16:06:28+00:00,Siberian_husky,11.0,6141,1505
2016-09-27 19:54:58+00:00,Chesapeake_Bay_retriever,10.0,8033,2328
2016-09-28 16:07:23+00:00,Shetland_sheepdog,10.0,10895,3168
2016-09-28 21:56:36+00:00,Mexican_hairless,11.0,9428,2458
2016-09-30 01:08:10+00:00,Pembroke,5.0,11634,3129
2016-10-01 00:58:26+00:00,golden_retriever,12.0,0,7236
2016-10-01 19:47:08+00:00,briard,12.0,18630,6470
2016-10-02 15:10:30+00:00,malamute,11.0,8694,2184
2016-10-02 23:23:04+00:00,Irish_setter,10.0,19250,6238
2016-10-03 01:00:34+00:00,golden_retriever,11.0,8310,1604
2016-10-03 23:25:55+00:00,Chesapeake_Bay_retriever,11.0,9112,2565
2016-10-04 15:55:06+00:00,Cardigan,12.0,32651,13616
2016-10-04 16:46:14+00:00,Cardigan,11.0,0,6533
2016-10-04 19:42:03+00:00,Norwegian_elkhound,13.0,18908,6441
2016-10-05 00:40:09+00:00,Chihuahua,11.0,9468,2608
2016-10-05 15:47:27+00:00,chow,12.0,11650,3737
2016-10-06 00:08:09+00:00,Lakeland_terrier,12.0,8209,2269
2016-10-07 16:33:21+00:00,miniature_poodle,12.0,6329,1491
2016-10-07 22:15:26+00:00,malamute,11.0,10039,2970
2016-10-10 17:32:08+00:00,miniature_pinscher,11.0,10183,2334
2016-10-11 16:00:24+00:00,Great_Pyrenees,12.0,7489,2130
2016-10-12 02:53:11+00:00,golden_retriever,11.0,0,8237
2016-10-12 15:55:59+00:00,Labrador_retriever,11.0,17178,5571
2016-10-13 00:29:39+00:00,golden_retriever,13.0,12189,4072
2016-10-13 15:54:28+00:00,Pembroke,11.0,10497,3601
2016-10-13 20:28:35+00:00,Leonberg,12.0,11957,2996
2016-10-13 23:23:56+00:00,Pomeranian,9.75,20296,7069
2016-10-14 16:13:10+00:00,golden_retriever,12.0,29725,9327
2016-10-15 21:01:17+00:00,Chihuahua,11.0,12120,3300
2016-10-16 18:11:26+00:00,German_shepherd,13.0,11416,3240
2016-10-17 00:20:47+00:00,pug,11.0,9717,3540
2016-10-17 17:32:13+00:00,golden_retriever,11.0,0,3952
2016-10-17 22:51:57+00:00,chow,13.0,6865,1510
2016-10-18 00:41:57+00:00,Samoyed,13.0,8100,2488
2016-10-18 16:11:17+00:00,golden_retriever,11.0,16060,5990
2016-10-19 15:37:03+00:00,cocker_spaniel,12.0,30658,12014
2016-10-20 16:15:26+00:00,Chihuahua,12.0,10875,3244
2016-10-21 00:53:56+00:00,malamute,10.0,10196,3014
2016-10-21 18:16:44+00:00,schipperke,12.0,13188,3942
2016-10-21 22:48:24+00:00,Chesapeake_Bay_retriever,12.0,7620,2279
2016-10-22 00:45:17+00:00,chow,13.0,8448,2080
2016-10-23 19:42:02+00:00,Labrador_retriever,11.0,14081,3732
2016-10-23 23:42:19+00:00,Pembroke,12.0,8740,2167
2016-10-24 23:37:28+00:00,Bernese_mountain_dog,12.0,9158,2203
2016-10-25 18:44:32+00:00,cocker_spaniel,12.0,11089,2483
2016-10-25 21:18:40+00:00,malamute,11.0,0,4858
2016-10-26 16:14:55+00:00,miniature_pinscher,12.0,9841,2963
2016-10-26 22:31:36+00:00,Pembroke,12.0,14670,4797
2016-10-27 16:06:04+00:00,golden_retriever,13.0,13129,3661
2016-10-28 17:07:05+00:00,komondor,11.0,8029,2088
2016-10-29 15:55:58+00:00,cocker_spaniel,12.0,15128,4998
2016-10-30 17:02:53+00:00,Yorkshire_terrier,12.0,8209,1963
2016-10-31 16:00:13+00:00,Labrador_retriever,11.0,14202,4551
2016-10-31 19:00:10+00:00,golden_retriever,12.0,10478,3238
2016-10-31 20:00:05+00:00,Lakeland_terrier,11.0,7740,2310
2016-10-31 21:00:23+00:00,Labrador_retriever,12.0,17063,6547
2016-10-31 23:00:11+00:00,wire-haired_fox_terrier,11.0,11001,3338
2016-11-01 00:00:38+00:00,golden_retriever,13.0,11780,3812
2016-11-01 01:00:05+00:00,basset,12.0,22350,9714
2016-11-01 02:00:14+00:00,Siberian_husky,12.0,9677,2763
2016-11-01 03:00:09+00:00,Afghan_hound,13.0,27597,10723
2016-11-01 17:12:16+00:00,golden_retriever,12.0,11953,2786
2016-11-01 23:53:02+00:00,miniature_pinscher,12.0,8926,1908
2016-11-02 00:42:53+00:00,golden_retriever,13.0,0,3661
2016-11-02 16:00:06+00:00,Old_English_sheepdog,13.0,10295,2187
2016-11-02 23:45:19+00:00,Labrador_retriever,12.0,18910,5711
2016-11-04 00:15:59+00:00,Samoyed,12.0,10686,3088
2016-11-04 01:48:22+00:00,cocker_spaniel,12.0,0,12014
2016-11-05 19:24:28+00:00,schipperke,12.0,0,3942
2016-11-06 22:59:35+00:00,golden_retriever,12.0,11270,3323
2016-11-08 16:47:50+00:00,golden_retriever,13.0,12071,4284
2016-11-08 20:00:55+00:00,chow,12.0,9469,2703
2016-11-08 22:25:27+00:00,Cardigan,11.0,10139,2813
2016-11-09 00:37:46+00:00,golden_retriever,11.0,36177,16628
2016-11-09 02:29:25+00:00,golden_retriever,11.0,0,16628
2016-11-09 16:22:22+00:00,Pekinese,12.0,12334,4861
2016-11-10 17:02:03+00:00,American_Staffordshire_terrier,11.0,13256,3562
2016-11-11 00:03:42+00:00,Cardigan,12.0,8564,2198
2016-11-12 00:36:46+00:00,collie,12.0,22328,7726
2016-11-12 21:02:38+00:00,Pembroke,12.0,16198,5656
2016-11-14 01:18:12+00:00,American_Staffordshire_terrier,12.0,13018,3652
2016-11-14 17:03:50+00:00,Pekinese,13.0,11548,2954
2016-11-15 01:44:00+00:00,papillon,11.0,0,3924
2016-11-15 20:47:30+00:00,beagle,12.0,0,2272
2016-11-15 21:49:12+00:00,English_springer,10.0,0,2153
2016-11-15 23:13:58+00:00,chow,10.0,0,4519
2016-11-16 01:09:57+00:00,Chihuahua,12.0,0,5812
2016-11-16 01:23:12+00:00,Labrador_retriever,10.0,0,7602
2016-11-16 16:28:21+00:00,West_Highland_white_terrier,11.0,8246,1663
2016-11-16 17:01:16+00:00,Siberian_husky,12.0,14712,5203
2016-11-17 01:35:54+00:00,Norfolk_terrier,11.0,9058,2863
2016-11-17 17:04:16+00:00,malamute,11.0,11065,3227
2016-11-18 01:24:14+00:00,miniature_pinscher,12.0,8965,2213
2016-11-18 23:35:32+00:00,Border_collie,13.0,9390,2506
2016-11-19 00:40:24+00:00,chow,13.0,0,5488
2016-11-20 00:59:15+00:00,golden_retriever,13.0,17092,2980
2016-11-20 17:20:08+00:00,golden_retriever,12.0,12456,3265
2016-11-21 01:37:04+00:00,Pembroke,11.0,14685,3495
2016-11-21 17:23:47+00:00,cocker_spaniel,12.0,11701,3214
2016-11-22 17:28:25+00:00,dalmatian,12.0,8992,2429
2016-11-22 20:58:07+00:00,cocker_spaniel,13.0,27386,6961
2016-11-23 21:29:33+00:00,Pembroke,12.0,9141,2391
2016-11-25 01:18:59+00:00,Staffordshire_bullterrier,12.0,8608,1992
2016-11-25 19:55:35+00:00,Eskimo_dog,12.0,10132,3040
2016-11-25 20:26:31+00:00,Chihuahua,13.0,0,5247
2016-11-25 21:37:47+00:00,Labrador_retriever,11.0,7039,1573
2016-11-26 18:00:13+00:00,golden_retriever,12.0,9959,2926
2016-11-26 21:26:58+00:00,cocker_spaniel,12.0,0,3403
2016-11-27 19:09:28+00:00,chow,12.0,10085,2336
2016-11-28 16:37:19+00:00,Pembroke,11.0,11207,2887
2016-11-29 16:33:36+00:00,Labrador_retriever,13.0,12270,4828
2016-11-29 20:08:52+00:00,Lakeland_terrier,13.0,0,8689
2016-11-30 01:31:12+00:00,miniature_pinscher,12.0,11203,3220
2016-12-02 17:27:25+00:00,Tibetan_mastiff,12.0,15326,4480
2016-12-04 00:30:29+00:00,Pembroke,12.0,8680,1972
2016-12-04 21:14:20+00:00,malinois,13.0,6368,1905
2016-12-05 17:31:15+00:00,Siberian_husky,12.0,7335,2132
2016-12-06 00:32:26+00:00,Norwegian_elkhound,12.0,9178,2209
2016-12-06 02:15:59+00:00,Irish_setter,10.0,0,6238
2016-12-06 19:29:28+00:00,chow,11.0,7145,1388
2016-12-06 21:04:11+00:00,Cardigan,12.0,0,13616
2016-12-07 16:53:43+00:00,vizsla,11.0,11363,2752
2016-12-08 23:53:08+00:00,golden_retriever,12.0,14514,4418
2016-12-09 06:17:20+00:00,Chihuahua,13.0,107015,56625
2016-12-10 16:22:02+00:00,golden_retriever,14.0,16236,4288
2016-12-11 17:31:39+00:00,Labrador_retriever,12.0,14015,4098
2016-12-12 00:29:28+00:00,golden_retriever,12.0,9701,2525
2016-12-12 02:21:26+00:00,cocker_spaniel,13.0,0,6961
2016-12-13 02:39:32+00:00,Airedale,12.0,12595,3007
2016-12-14 00:57:20+00:00,Rottweiler,13.0,11271,3536
2016-12-14 17:16:53+00:00,vizsla,11.0,14685,4046
2016-12-15 02:14:29+00:00,Pomeranian,12.0,22246,6554
2016-12-15 17:23:04+00:00,Greater_Swiss_Mountain_dog,12.0,7727,1696
2016-12-16 17:14:20+00:00,Labrador_retriever,12.0,0,5711
2016-12-17 00:38:52+00:00,Norwich_terrier,10.0,17250,4521
2016-12-17 22:43:27+00:00,Staffordshire_bullterrier,12.0,16380,3901
2016-12-18 00:43:57+00:00,malamute,13.0,39640,13369
2016-12-19 01:26:42+00:00,malamute,11.0,12192,3057
2016-12-19 17:14:23+00:00,flat-coated_retriever,11.0,10093,2090
2016-12-21 01:44:13+00:00,Pembroke,11.0,23302,7444
2016-12-21 17:39:46+00:00,beagle,10.0,14265,3650
2016-12-22 01:24:33+00:00,Pekinese,13.0,8429,1884
2016-12-22 17:23:53+00:00,Staffordshire_bullterrier,11.0,8102,1647
2016-12-23 19:00:19+00:00,golden_retriever,13.0,15224,4252
2016-12-24 17:18:34+00:00,Irish_setter,12.0,7373,1665
2016-12-24 22:04:54+00:00,bull_mastiff,10.0,8380,2191
2016-12-25 16:00:16+00:00,golden_retriever,13.0,23337,8503
2016-12-25 17:00:08+00:00,toy_terrier,12.0,8865,2276
2016-12-25 18:00:17+00:00,Doberman,11.0,10989,3220
2016-12-25 21:00:18+00:00,Norwegian_elkhound,11.0,13242,3652
2016-12-25 22:00:04+00:00,beagle,13.0,9361,2728
2016-12-26 01:00:05+00:00,golden_retriever,13.0,22085,5096
2016-12-26 02:00:11+00:00,cocker_spaniel,11.0,10192,2090
2016-12-26 03:00:30+00:00,Samoyed,13.0,20783,8476
2016-12-27 17:36:16+00:00,malamute,12.0,9300,2060
2016-12-27 18:24:12+00:00,French_bulldog,14.0,40402,16267
2016-12-28 00:52:25+00:00,Siberian_husky,11.0,10342,2194
2016-12-28 03:08:11+00:00,Labrador_retriever,11.0,0,3732
2016-12-28 16:56:16+00:00,golden_retriever,12.0,32000,10080
2016-12-29 17:54:58+00:00,miniature_poodle,12.0,9629,2156
2016-12-30 01:05:33+00:00,golden_retriever,12.0,12511,3130
2016-12-31 00:08:17+00:00,dalmatian,11.0,8485,1505
2017-01-01 19:22:38+00:00,German_shepherd,12.0,9161,1918
2017-01-02 01:48:06+00:00,Border_collie,11.0,10937,2625
2017-01-02 17:00:46+00:00,Tibetan_mastiff,13.0,25057,9907
2017-01-02 18:38:42+00:00,Chihuahua,11.0,5545,1207
2017-01-02 20:12:21+00:00,English_setter,11.0,0,6154
2017-01-03 01:20:49+00:00,Pomeranian,12.0,9927,2500
2017-01-03 17:33:39+00:00,Labrador_retriever,11.0,9564,2269
2017-01-04 17:27:59+00:00,Chihuahua,12.0,10905,2545
2017-01-05 01:20:46+00:00,malamute,12.0,11071,2361
2017-01-05 17:13:55+00:00,kelpie,11.0,9517,1927
2017-01-05 21:29:55+00:00,Saluki,13.0,13367,3011
2017-01-06 00:49:53+00:00,golden_retriever,13.0,9690,2326
2017-01-06 01:31:47+00:00,Tibetan_mastiff,13.0,0,9907
2017-01-06 17:00:38+00:00,Doberman,11.0,6267,1131
2017-01-07 01:00:41+00:00,pug,12.0,13105,3505
2017-01-07 16:59:28+00:00,curly-coated_retriever,13.0,11901,3084
2017-01-07 20:18:46+00:00,cocker_spaniel,13.0,57622,31314
2017-01-08 17:20:31+00:00,golden_retriever,11.0,13671,3014
2017-01-09 00:53:55+00:00,miniature_schnauzer,12.0,12197,2621
2017-01-09 22:42:41+00:00,Norwegian_elkhound,11.0,0,7126
2017-01-10 00:24:38+00:00,Chihuahua,12.0,10971,2982
2017-01-10 01:15:10+00:00,Labrador_retriever,13.0,24597,8564
2017-01-11 02:15:36+00:00,standard_poodle,14.0,95450,42228
2017-01-11 02:57:27+00:00,standard_poodle,14.0,0,42228
2017-01-11 17:01:16+00:00,Border_terrier,12.0,25652,7733
2017-01-12 00:55:47+00:00,Rottweiler,12.0,8008,1383
2017-01-12 16:54:26+00:00,Cardigan,13.0,10606,2271
2017-01-13 17:00:21+00:00,American_Staffordshire_terrier,13.0,5927,1369
2017-01-14 17:00:24+00:00,Gordon_setter,14.0,3706,648
2017-01-15 01:45:15+00:00,golden_retriever,13.0,0,2980
2017-01-15 21:49:15+00:00,golden_retriever,13.0,34984,11525
2017-01-16 21:32:06+00:00,Pomeranian,11.0,10645,2487
2017-01-17 00:18:04+00:00,German_shepherd,12.0,9718,2320
2017-01-17 17:21:47+00:00,Irish_setter,14.0,13075,5053
2017-01-18 01:01:34+00:00,Doberman,13.0,8871,2030
2017-01-18 17:07:18+00:00,golden_retriever,13.0,9317,1899
2017-01-18 20:16:54+00:00,Saint_Bernard,12.0,0,3839
2017-01-19 01:04:45+00:00,golden_retriever,13.0,12582,2692
2017-01-20 00:50:15+00:00,Samoyed,11.0,38832,11421
2017-01-20 15:17:01+00:00,Pomeranian,14.0,31800,17209
2017-01-20 17:00:46+00:00,Samoyed,13.0,20083,7390
2017-01-21 01:02:48+00:00,cocker_spaniel,12.0,16327,3423
2017-01-21 03:29:14+00:00,Samoyed,13.0,0,7390
2017-01-21 17:31:20+00:00,malinois,12.0,14576,2622
2017-01-22 20:42:21+00:00,Samoyed,11.0,0,11421
2017-01-24 01:08:40+00:00,cairn,12.0,13826,2772
2017-01-24 17:04:50+00:00,schipperke,12.0,11755,3123
2017-01-25 18:38:36+00:00,Pembroke,13.0,12999,11848
2017-01-26 17:02:56+00:00,English_setter,13.0,11113,1993
2017-01-27 00:24:48+00:00,Border_terrier,12.0,16508,4069
2017-01-27 17:04:02+00:00,Eskimo_dog,12.0,7020,1483
2017-01-28 01:04:51+00:00,Pekinese,13.0,20181,5244
2017-01-29 02:44:34+00:00,Rottweiler,14.0,56413,19669
2017-01-29 22:15:05+00:00,Great_Pyrenees,12.0,14025,2848
2017-01-30 23:05:46+00:00,Labrador_retriever,13.0,5361,1075
2017-01-31 01:27:39+00:00,French_bulldog,11.0,14614,2965
2017-01-31 17:06:32+00:00,German_shepherd,12.0,20275,4821
2017-02-01 01:09:42+00:00,French_bulldog,13.0,11117,2709
2017-02-01 17:44:55+00:00,Great_Pyrenees,13.0,40325,11878
2017-02-02 01:01:21+00:00,golden_retriever,12.0,23767,5757
2017-02-02 17:00:17+00:00,Great_Dane,13.0,11659,2579
2017-02-03 01:16:53+00:00,golden_retriever,12.0,17523,3510
2017-02-03 19:31:54+00:00,Pembroke,13.0,8143,1082
2017-02-03 23:04:02+00:00,collie,12.0,16983,3433
2017-02-04 17:34:40+00:00,German_shepherd,12.0,22180,5987
2017-02-04 22:45:42+00:00,American_Staffordshire_terrier,11.0,11411,2451
2017-02-05 22:40:03+00:00,malamute,12.0,13756,3344
2017-02-05 22:55:23+00:00,American_Staffordshire_terrier,13.0,8112,1216
2017-02-05 23:15:47+00:00,Bedlington_terrier,14.0,13864,2554
2017-02-06 17:02:17+00:00,golden_retriever,14.0,10467,1544
2017-02-07 17:00:28+00:00,boxer,13.0,58302,18627
2017-02-08 01:35:19+00:00,golden_retriever,12.0,26952,8530
2017-02-08 17:00:26+00:00,Staffordshire_bullterrier,13.0,38074,10706
2017-02-08 22:00:52+00:00,Labrador_retriever,11.0,11519,2329
2017-02-09 01:27:41+00:00,French_bulldog,12.0,34913,12224
2017-02-10 01:15:49+00:00,Border_terrier,12.0,13441,2243
2017-02-10 02:25:42+00:00,golden_retriever,12.0,0,5757
2017-02-10 16:53:37+00:00,toy_poodle,13.0,10804,3455
2017-02-12 01:04:29+00:00,Labrador_retriever,13.0,73397,19297
2017-02-13 01:46:03+00:00,kuvasz,12.0,8735,1735
2017-02-13 22:03:49+00:00,cocker_spaniel,12.0,13066,2350
2017-02-14 01:09:44+00:00,Doberman,12.0,12819,2786
2017-02-14 01:35:49+00:00,briard,13.0,7117,1264
2017-02-14 02:02:51+00:00,Old_English_sheepdog,12.0,10042,1744
2017-02-14 17:17:22+00:00,Chihuahua,13.0,9872,2632
2017-02-14 23:43:18+00:00,Eskimo_dog,13.0,7908,2243
2017-02-15 01:04:21+00:00,Pembroke,13.0,11469,2059
2017-02-15 17:02:36+00:00,bloodhound,14.0,30380,7458
2017-02-16 01:04:13+00:00,whippet,12.0,13887,4746
2017-02-16 01:34:34+00:00,miniature_pinscher,12.0,0,11131
2017-02-16 13:11:05+00:00,Afghan_hound,13.0,0,10723
2017-02-16 23:23:38+00:00,kelpie,11.0,18792,3652
2017-02-17 01:13:34+00:00,Pekinese,12.0,13126,2548
2017-02-17 17:01:29+00:00,Eskimo_dog,12.0,17379,3220
2017-02-18 17:00:10+00:00,boxer,13.0,14549,2522
2017-02-19 01:23:00+00:00,Cardigan,12.0,22133,5513
2017-02-20 00:53:27+00:00,golden_retriever,13.0,16258,2357
2017-02-20 17:00:04+00:00,West_Highland_white_terrier,13.0,22585,3636
2017-02-20 23:50:09+00:00,Chihuahua,13.0,16728,3904
2017-02-21 02:17:06+00:00,kuvasz,12.0,14661,2729
2017-02-22 01:14:30+00:00,golden_retriever,12.0,22594,5476
2017-02-22 17:41:18+00:00,Rhodesian_ridgeback,12.0,10512,1899
2017-02-24 17:01:22+00:00,Border_collie,12.0,28552,6516
2017-02-25 01:18:40+00:00,Rottweiler,12.0,17847,3381
2017-02-25 19:37:50+00:00,Staffordshire_bullterrier,11.0,19447,4121
2017-02-26 23:52:43+00:00,Samoyed,13.0,20924,4935
2017-02-27 17:01:56+00:00,borzoi,13.0,23177,4850
2017-03-02 01:20:01+00:00,Siberian_husky,13.0,17480,2731
2017-03-02 18:17:34+00:00,American_Staffordshire_terrier,13.0,23074,6005
2017-03-03 01:14:41+00:00,Norwegian_elkhound,12.0,13967,2631
2017-03-04 00:21:08+00:00,golden_retriever,12.0,37277,8952
2017-03-04 17:49:08+00:00,chow,13.0,19183,3582
2017-03-05 19:48:43+00:00,Great_Pyrenees,13.0,24664,5484
2017-03-06 01:26:54+00:00,kelpie,13.0,11892,1504
2017-03-07 01:17:48+00:00,Border_terrier,13.0,12183,2357
2017-03-07 22:22:32+00:00,Leonberg,13.0,29684,7422
2017-03-10 00:04:21+00:00,Staffordshire_bullterrier,13.0,14640,2597
2017-03-10 18:27:58+00:00,Chesapeake_Bay_retriever,12.0,20950,6497
2017-03-11 18:35:42+00:00,golden_retriever,12.0,9761,1972
2017-03-13 00:02:39+00:00,Brittany_spaniel,12.0,24926,5991
2017-03-13 15:47:01+00:00,Afghan_hound,13.0,17305,5312
2017-03-14 16:01:03+00:00,Chihuahua,12.0,27854,8748
2017-03-15 20:48:07+00:00,chow,12.0,15204,3386
2017-03-16 00:00:07+00:00,French_bulldog,12.0,26569,6568
2017-03-17 00:38:32+00:00,Pembroke,13.0,19637,3937
2017-03-17 21:13:10+00:00,Labrador_retriever,13.0,16440,4023
2017-03-18 00:15:37+00:00,Chihuahua,13.0,0,56625
2017-03-18 22:59:54+00:00,Pembroke,13.0,23315,6852
2017-03-19 23:25:35+00:00,Labrador_retriever,11.0,18310,3081
2017-03-20 16:08:44+00:00,Labrador_retriever,12.0,23211,5220
2017-03-21 16:26:50+00:00,Labrador_retriever,12.0,14753,2450
2017-03-23 00:18:10+00:00,Labrador_retriever,13.0,42022,11633
2017-03-23 18:07:10+00:00,Labrador_retriever,12.0,16361,3617
2017-03-24 16:10:40+00:00,Irish_water_spaniel,12.0,25225,6039
2017-03-24 22:08:59+00:00,Dandie_Dinmont,13.0,8241,2072
2017-03-25 16:45:08+00:00,chow,12.0,27154,5365
2017-03-26 01:38:00+00:00,Samoyed,13.0,31737,9894
2017-03-26 16:55:29+00:00,golden_retriever,12.0,17256,3224
2017-03-27 00:15:53+00:00,giant_schnauzer,13.0,34394,10226
2017-03-28 00:07:32+00:00,golden_retriever,13.0,48410,13076
2017-03-29 00:01:05+00:00,Shetland_sheepdog,13.0,21685,4404
2017-03-29 18:43:12+00:00,Staffordshire_bullterrier,11.0,21588,6572
2017-03-30 00:56:03+00:00,Airedale,12.0,22036,4800
2017-03-31 00:27:14+00:00,Cardigan,12.0,20208,3774
2017-03-31 16:07:33+00:00,Bernese_mountain_dog,12.0,5935,1522
2017-04-01 16:35:01+00:00,Bedlington_terrier,6.0,17618,3444
2017-04-02 00:03:26+00:00,malamute,12.0,20229,4037
2017-04-03 00:16:10+00:00,flat-coated_retriever,12.0,27104,4826
2017-04-05 00:04:08+00:00,schipperke,12.0,17039,3487
2017-04-06 00:13:11+00:00,Chihuahua,12.0,32390,8404
2017-04-06 16:18:05+00:00,Shetland_sheepdog,12.0,21944,5459
2017-04-07 16:10:12+00:00,Yorkshire_terrier,13.0,13994,2915
2017-04-08 16:54:09+00:00,pug,11.0,33348,10352
2017-04-11 00:24:08+00:00,Cardigan,11.0,17300,3819
2017-04-12 00:23:33+00:00,Staffordshire_bullterrier,13.0,0,10706
2017-04-13 23:59:28+00:00,golden_retriever,12.0,15939,2388
2017-04-14 15:51:39+00:00,Great_Dane,12.0,9658,2037
2017-04-16 16:00:07+00:00,German_shepherd,13.0,37198,11265
2017-04-17 00:03:50+00:00,miniature_pinscher,12.0,30414,6403
2017-04-17 16:34:26+00:00,English_springer,11.0,17169,3433
2017-04-17 23:52:16+00:00,black-and-tan_coonhound,14.0,33911,8285
2017-04-18 16:05:17+00:00,Pembroke,13.0,20046,5159
2017-04-18 23:50:52+00:00,Chihuahua,13.0,31131,7608
2017-04-19 16:25:34+00:00,Pembroke,12.0,24188,6690
2017-04-21 16:33:22+00:00,Blenheim_spaniel,12.0,31657,8987
2017-04-22 18:31:02+00:00,flat-coated_retriever,13.0,47844,19196
2017-04-23 23:01:59+00:00,Chihuahua,14.0,29086,6841
2017-04-24 15:13:52+00:00,Old_English_sheepdog,14.0,12446,2068
2017-04-24 16:22:16+00:00,Boston_bull,12.0,17135,3131
2017-04-26 00:33:27+00:00,golden_retriever,12.0,19910,4364
2017-04-26 16:00:39+00:00,Samoyed,13.0,21041,4934
2017-04-27 00:38:11+00:00,malamute,13.0,6236,1785
2017-04-28 00:00:54+00:00,Labrador_retriever,13.0,36021,11524
2017-04-28 16:08:49+00:00,French_bulldog,12.0,16952,2812
2017-04-28 23:57:28+00:00,golden_retriever,12.0,16524,3154
2017-04-30 00:02:42+00:00,Pembroke,13.0,22640,5271
2017-05-01 00:40:27+00:00,golden_retriever,13.0,16304,3771
2017-05-03 03:17:27+00:00,golden_retriever,13.0,19476,1704
2017-05-03 19:26:06+00:00,Labrador_retriever,13.0,16105,3780
2017-05-04 00:15:58+00:00,French_bulldog,12.0,20021,4349
2017-05-05 16:00:04+00:00,Bedlington_terrier,13.0,24678,5698
2017-05-05 18:36:06+00:00,Cardigan,13.0,7878,2334
2017-05-06 23:49:50+00:00,German_shepherd,12.0,17538,4119
2017-05-08 00:54:59+00:00,Cardigan,13.0,37744,11528
2017-05-10 00:08:34+00:00,chow,13.0,66437,21840
2017-05-11 17:34:13+00:00,basset,11.0,17779,3809
2017-05-12 00:46:44+00:00,Australian_terrier,13.0,20011,5457
2017-05-12 16:05:02+00:00,French_bulldog,13.0,8945,2687
2017-05-12 17:12:53+00:00,Lakeland_terrier,14.0,9094,1195
2017-05-13 16:33:49+00:00,Staffordshire_bullterrier,12.0,24829,5664
2017-05-14 00:34:33+00:00,Eskimo_dog,13.0,15935,4489
2017-05-15 19:14:50+00:00,golden_retriever,13.0,31459,9616
2017-05-16 00:41:21+00:00,bull_mastiff,12.0,15195,3266
2017-05-18 00:50:50+00:00,Pembroke,13.0,29063,8209
2017-05-19 00:12:11+00:00,Chesapeake_Bay_retriever,13.0,27530,5384
2017-05-19 23:57:46+00:00,golden_retriever,13.0,26640,6008
2017-05-21 16:48:45+00:00,Samoyed,12.0,54720,15546
2017-05-22 00:28:40+00:00,French_bulldog,13.0,106827,32883
2017-05-22 16:06:55+00:00,flat-coated_retriever,12.0,20070,3727
2017-05-23 16:16:06+00:00,Samoyed,13.0,33420,8425
2017-05-23 17:40:04+00:00,Blenheim_spaniel,13.0,0,135
2017-05-24 16:44:18+00:00,Eskimo_dog,12.0,16755,2697
2017-05-25 16:10:44+00:00,Border_collie,13.0,35179,7788
2017-05-26 00:29:37+00:00,Labrador_retriever,12.0,24964,4439
2017-05-27 19:39:34+00:00,whippet,12.0,10539,2240
2017-05-28 00:18:35+00:00,Labrador_retriever,13.0,28295,6275
2017-05-29 16:24:37+00:00,Pembroke,13.0,21112,4023
2017-05-30 16:49:31+00:00,Chihuahua,12.0,16476,3327
2017-05-30 23:51:58+00:00,Pembroke,13.0,29116,6728
2017-05-31 04:27:59+00:00,Pembroke,13.0,43710,10663
2017-06-01 16:00:09+00:00,Greater_Swiss_Mountain_dog,13.0,22453,4384
2017-06-01 20:18:38+00:00,golden_retriever,13.0,85011,27680
2017-06-02 15:00:16+00:00,Pembroke,13.0,12819,2817
2017-06-03 15:55:36+00:00,kelpie,13.0,23255,3999
2017-06-04 23:56:03+00:00,komondor,12.0,20730,3628
2017-06-05 16:15:56+00:00,Labrador_retriever,12.0,20787,3678
2017-06-06 00:01:46+00:00,Shetland_sheepdog,13.0,39090,11918
2017-06-07 01:19:32+00:00,Labrador_retriever,13.0,35085,6649
2017-06-07 16:14:40+00:00,Pembroke,12.0,41606,9429
2017-06-08 01:06:27+00:00,cocker_spaniel,13.0,21309,3911
2017-06-08 14:20:41+00:00,pug,13.0,15029,3884
2017-06-09 00:02:31+00:00,Labrador_retriever,12.0,28031,5669
2017-06-09 16:22:42+00:00,vizsla,12.0,7467,1667
2017-06-10 16:39:04+00:00,Newfoundland,13.0,24837,4143
2017-06-11 21:18:31+00:00,Cardigan,13.0,35501,11007
2017-06-12 00:15:36+00:00,flat-coated_retriever,12.0,23134,4125
2017-06-12 16:06:11+00:00,cocker_spaniel,13.0,26651,4308
2017-06-13 17:29:20+00:00,Labrador_retriever,12.0,28439,4875
2017-06-14 16:04:48+00:00,West_Highland_white_terrier,12.0,26022,4922
2017-06-15 00:13:52+00:00,Siberian_husky,13.0,22185,5081
2017-06-16 16:11:53+00:00,Labrador_retriever,13.0,25773,4497
2017-06-17 16:52:05+00:00,Bernese_mountain_dog,13.0,28490,4903
2017-06-18 16:57:37+00:00,golden_retriever,13.0,19163,2511
2017-06-19 16:24:33+00:00,bloodhound,12.0,21125,3506
2017-06-20 16:29:50+00:00,Pembroke,12.0,27755,5880
2017-06-21 00:06:44+00:00,Saluki,13.0,27907,5414
2017-06-21 15:58:08+00:00,basset,12.0,23258,3994
2017-06-21 19:36:23+00:00,Irish_setter,14.0,0,83
2017-06-22 03:54:17+00:00,Chesapeake_Bay_retriever,13.0,71144,17300
2017-06-23 01:10:23+00:00,French_bulldog,14.0,42876,7181
2017-06-23 16:00:04+00:00,basset,13.0,7913,1349
2017-06-25 00:45:22+00:00,Italian_greyhound,13.0,19763,4319
2017-06-25 16:07:47+00:00,vizsla,13.0,19317,2812
2017-06-26 19:07:24+00:00,English_springer,13.0,107956,45849
2017-06-27 00:10:17+00:00,German_short-haired_pointer,12.0,23822,3323
2017-06-28 00:42:13+00:00,basset,13.0,22667,3642
2017-06-29 00:27:25+00:00,Chihuahua,12.0,27640,4436
2017-06-29 16:39:47+00:00,golden_retriever,12.0,29075,6546
2017-06-30 19:35:32+00:00,Pembroke,12.0,21734,3989
2017-07-02 15:32:16+00:00,Samoyed,14.0,50199,16570
2017-07-03 00:11:11+00:00,Saluki,13.0,51522,11099
2017-07-03 16:04:48+00:00,Weimaraner,12.0,24773,3533
2017-07-04 16:01:23+00:00,golden_retriever,13.0,45880,12118
2017-07-05 15:48:34+00:00,Pembroke,13.0,28382,6342
2017-07-06 00:46:41+00:00,Labrador_retriever,12.0,28903,5134
2017-07-06 15:58:11+00:00,Eskimo_dog,13.0,24445,4122
2017-07-07 00:17:54+00:00,golden_retriever,13.0,37914,6949
2017-07-07 16:22:55+00:00,chow,13.0,22986,3825
2017-07-08 00:28:19+00:00,golden_retriever,13.5,46860,10407
2017-07-09 00:00:04+00:00,Doberman,12.0,22349,3586
2017-07-09 21:29:42+00:00,German_shepherd,12.0,20771,3128
2017-07-10 15:58:53+00:00,Pembroke,14.0,27478,5856
2017-07-11 00:00:02+00:00,pug,13.0,24765,5100
2017-07-11 20:47:12+00:00,chow,13.0,28514,6096
2017-07-12 00:01:00+00:00,Italian_greyhound,12.0,68152,16439
2017-07-12 16:03:00+00:00,malamute,13.0,22367,4556
2017-07-13 01:35:06+00:00,Labrador_retriever,13.0,0,19297
2017-07-13 15:58:47+00:00,pug,13.0,36689,6683
2017-07-14 22:10:11+00:00,Blenheim_spaniel,12.0,33382,7097
2017-07-15 16:17:19+00:00,pug,13.0,28469,6523
2017-07-15 23:25:31+00:00,French_bulldog,12.0,21524,3316
2017-07-16 23:58:41+00:00,kuvasz,13.0,12306,3443
2017-07-17 16:17:36+00:00,Chihuahua,13.0,35859,8084
2017-07-18 00:07:08+00:00,Samoyed,12.0,31061,6167
2017-07-18 16:08:03+00:00,Mexican_hairless,13.0,34222,10737
2017-07-19 00:47:34+00:00,Pembroke,13.0,69871,18781
2017-07-19 16:06:48+00:00,basset,13.0,30779,5609
2017-07-20 16:49:33+00:00,French_bulldog,12.0,22201,3653
2017-07-22 00:23:06+00:00,Siberian_husky,13.0,20290,3732
2017-07-22 16:56:37+00:00,golden_retriever,13.0,26080,4559
2017-07-23 00:22:39+00:00,golden_retriever,12.0,29611,4709
2017-07-24 00:19:32+00:00,whippet,13.0,25652,5637
2017-07-24 17:02:04+00:00,golden_retriever,13.0,15359,2321
2017-07-25 00:10:02+00:00,French_bulldog,12.0,27672,4735
2017-07-25 01:55:32+00:00,Pembroke,13.0,38818,8538
2017-07-25 16:11:53+00:00,French_bulldog,13.0,28268,5156
2017-07-26 00:31:25+00:00,Samoyed,13.0,31166,7624
2017-07-26 15:59:51+00:00,Pembroke,14.0,32467,7711
2017-07-27 16:25:51+00:00,Irish_terrier,13.0,28226,4429
2017-07-28 00:22:40+00:00,Pomeranian,13.0,56848,16716
2017-07-28 16:27:12+00:00,Appenzeller,13.0,12041,2158
2017-07-29 00:08:17+00:00,Chesapeake_Bay_retriever,13.0,20562,3261
2017-07-29 16:00:24+00:00,basset,12.0,41048,9774
2017-07-31 00:18:03+00:00,Chihuahua,12.0,25461,4328
2017-08-01 00:17:27+00:00,Chihuahua,13.0,33819,6514
